10\ O'Clock\ News\ (television\ program)=>10\ O'Clock\ News\ (Television\ program)
Dean\ Acheson=>Acheson\,\ Dean\,\ 1893-1971
Action\ for\ Boston\ Community\ Development\ (ABCD)=>Action\ for\ Boston\ Community\ Development
Konrad\ Adenauer=>Adenauer\,\ Konrad
aerial\ photography=>Aerial\ photography
Aeronautics\,\ Military\ Equipment\ and\ supplies=>Aeronautics\,\ Military--Equipment\ and\ supplies
Affirmative\ Action\ programs=>Affirmative\ action\ programs
African\ American--Civil\ rights\ workers=>African\ American\ civil\ rights\ workers
Arican\ American\ photographers--Massachusetts--Boston=>African\ American\ photographers--Massachusetts--Boston
African\ American\ politicans=>African\ American\ politicians
African\ Americans\ in\ television--Massachusetts--Boston=>African\ Americans\ in\ television\ broadcasting--Massachusetts--Boston
African\ American--Attitudes=>African\ Americans--Attitudes
African\ Americans\ -\ Civil\ rights=>African\ Americans--Civil\ rights
African\ Americans--Civil\ Rights=>African\ Americans--Civil\ rights
African\ Americans\ Politics\ and\ government=>African\ Americans--Politics\ and\ government
African\ Americans\ -\ Role\ models=>African\ Americans--Role\ models
African\ Liberation\ Day\ Committee\ -\ Boston\ -\ Massachusetts=>African\ Liberation\ Day\ Committee\ (Boston\,\ Mass.)
African\ Liberation\ Day\ March\ (26\ May\ 1972)=>African\ Liberation\ Day\ March\ (1972\ :\ Washington\,\ D.C.)
African\ Liberation\ Day\ March\ -\ Washington\,\ DC\ (1972)=>African\ Liberation\ Day\ March\ (1972\ :\ Washington\,\ D.C.)
Africa\ -\ Politics\ and\ government=>Africa--Politics\ and\ government
air\ raid=>Air\ raids
air\ traffic\ control=>Air\ traffic\ control
Airplane=>Airplanes
airplanes=>Airplanes
Airport=>Airports
Aladjem\,\ Henrietta=>Aladjem\,\ Henrietta\,\ 1917-
Ali\ Yusef\ Trio=>Ali\ Yusef\ Trio\ (Musical\ group)
Joseph\ Alsop=>Alsop\,\ Joseph\,\ 1910-1989
ABC=>American\ Broadcasting\ Company
The\ American\ people=>Americans
Ann\ Arbor=>Ann\ Arbor\ (Mich.)
Ap\ Bac\,\ Battle\ of\,\ Ap\ Bac\,\ Vietnam\,\ 1963=>Ap\ Bac\,\ Battle\ of\,\ Á̂p\ Bá̆c\,\ Vietnam\,\ 1963
Apartheid\ -\ South\ Africa=>Apartheid--South\ Africa
Art\ and\ Artists=>Artists
Art\ and\ artists=>Artists
ARVN=>ARVN\ (Army\ of\ the\ Republic\ of\ Vietnam)
Army\ of\ the\ Republic\ of\ Vietnam=>ARVN\ (Army\ of\ the\ Republic\ of\ Vietnam)
Asian\ Pacific\ Heritage\ Week\ -\ Boston\ -\ Massachusetts\ (1979)=>Asian\ Pacific\ Heritage\ Week\ (1979\ :\ Boston\,\ Mass.)
B-52\ Bomber=>B-52\ bomber
Banks\ and\ Banking=>Banks\ and\ banking
BBC\ world\ service=>BBC\ World\ Service
Georges\ Bidault=>Bidault\,\ Georges
Biko\,\ Stephen\,\ 1946-1977=>Biko\,\ Steve\,\ 1946-1977
Bilingual\ Education\ Department\ -\ Boston\ -\ Massachusetts=>Bilingual\ Education\ Department\ (Boston\,\ Mass.)
Binh\ Xuyen=>Bình\ Xuyên
Black\ Expo\ -\ Boston\ -\ Massachusetts\ (1972)=>Black\ Expo\ (1972\ :\ Boston\,\ Mass.)
Black\ Political\ Convention\ -\ Dorchester\ -\ Massachusetts\ (1971)=>Black\ Political\ Convention\ (1971\ :\ Dorchester\,\ Mass.)
Black\ Power--United\ States=>Black\ power--United\ States
Black\ Solidarity\ Day\ -\ Boston\ -\ Massachusetts\ (19\ May\ 1972)=>Black\ Solidarity\ Day\ (19\ May\ 1972\ :\ Boston\,\ Mass.)
Boats=>Boats\ and\ boating
Niels\ Bohr=>Bohr\,\ Niels\,\ 1885-1962
Airstrike=>Bombing\,\ Aerial
Bombing\,\ aerial=>Bombing\,\ Aerial
Bombing\,\ Aerial\ Vietnam=>Bombing\,\ Aerial--Vietnam
Bond\,\ Julian=>Bond\,\ Julian\,\ 1940-
Boston=>Boston\ (Mass.)
Boston\ School\ Committee=>Boston\ (Mass.).\ School\ Committee
Boston\ Globe=>Boston\ globe
Boston\ Globe\,\ The=>Boston\ globe
Boston\ Herald\ American\,\ The=>Boston\ herald
Boston\ Herald\,\ The=>Boston\ herald
Boston\ Latin\ School\ (Mass.)=>Boston\ Latin\ School\ (Boston\,\ Mass.)
Boston\ School\ Department=>Boston\ Public\ Schools
Boston\ Sickle\ Cell\ Center\ -\ Boston\ -\ Massachusetts=>Boston\ Sickle\ Cell\ Center\ (Boston\,\ Mass.)
BBC=>British\ Broadcasting\ Corporation
Pierre\ Brochand=>Brochand\,\ Pierre
Brooke\,\ Edward=>Brooke\,\ Edward\ William\,\ 1919-
Nikolai\ Bulganin=>Bulganin\,\ Nikolay\ Aleksandrovich\,\ 1895-1975
McGeorge\ Bundy=>Bundy\,\ McGeorge
Busing\ for\ school\ integration--Massachusetts--Boston—History=>Busing\ for\ school\ integration--Massachusetts--Boston--History
James\ Callaghan=>Callaghan\,\ James
Calypso\ music=>Calypso\ (Music)
Cambodia.\ Forces\ armees\ nationales\ khmeres=>Cambodia.\ Forces\ armées\ nationales\ khmères
Cambodia.\ Ka&amp;#7749;yodhabal\ Khemarabh&amp;#363;mind=>Cambodia.\ Kaṅyodhabal\ Khemarabhūmind
Cambodian\ coup\ of\ 1970=>Cambodia--History--Civil\ War\,\ 1970-1975
Cambridge\ Ensemble\ (Theatre\ group\ :\ Cambridge\,\ MA)=>Cambridge\ Ensemble\ (Theatre\ group\ :\ Cambridge\,\ Mass.)
Can\ Lao\ Party=>Cần\ lao\ Nhân\ vị\ Cách\ Mạng\ Ðảng
Prime\ Minister\ of\ Canada=>Canada.\ Prime\ Minister
Caribbean\ Music\ Festival\ -\ Wimbley\ -\ England\ (1970)=>Caribbean\ Music\ Festival\ (1970\ :\ Wimbley\,\ England)
Carrillo\,\ Dr.\ Emilio=>Carrillo\,\ Emilio
Carter\ Administration=>Carter\,\ Jimmy\,\ 1924-
Carter\ administration=>Carter\,\ Jimmy\,\ 1924-
President\ Carter=>Carter\,\ Jimmy\,\ 1924-
United\ States.\ President\ (1977-1981\ :\ Carter)=>Carter\,\ Jimmy\,\ 1924-
Castro=>Castro\,\ Fidel\,\ 1926-
Fidel\ Castro=>Castro\,\ Fidel\,\ 1926-
Catholic\ church=>Catholic\ Church
James\ Chadwick=>Chadwick\,\ James
Charles\ Street\ Church\ -\ Boston\ -\ Massachusetts=>Charles\ Street\ Church\ (Boston\,\ Mass.)
Konstantin\ Chernenko=>Chernenko\,\ K.\ U.\ (Konstantin\ Ustinovich)\,\ 1911-1985
Republic\ of\ China=>China
China--Politics\ and\ Government=>China--Politics\ and\ government
Chinese\ Wushu\ Research\ Institute\ (Boston\,\ Mass.)=>Chinese\ Wushu\ Research\ Institute
Christmas\ plays--American=>Christmas\ plays\,\ American
coal=>Coal
John\ Cockcroft=>Cockcroft\,\ John
Cold\ war=>Cold\ War
Come\ back\,\ Africa\ (Motion\ picture)=>Come\ Back\,\ Africa\ (Motion\ picture)
Committee\ Against\ Racism\ (CAR)=>Committee\ Against\ Racism\ 
Iron\ Curtain=>Communist\ countries
iron\ curtain=>Communist\ countries
Comintern=>Communist\ International
Communist\ China=>Communist--China
communists=>Communists
Concerts\ in\ Black\ and\ White\ -\ Boston\ -\ Massachusetts=>Concerts\ in\ Black\ and\ White\ (Boston\,\ Mass.)
Council\ of\ Elders\,\ Inc.\ -\ Boston\ -\ Massachusetts=>Council\ of\ Elders\,\ Inc.\ (Boston\,\ Mass.)
Coups\ d'etat=>Coups\ d'état
Coups\ d'etat--Vietnam=>Coups\ d'état--Vietnam
Cruise\ missile=>Cruise\ missiles
Cuban\ Missile\ Crisis=>Cuban\ Missile\ Crisis\,\ 1962
Democratic\ Party=>Democratic\ Party\ (U.S.)
Dien\ Bien\ Phu\,\ Battle\ of\,\ Dien\ Bien\ Phu\,\ Vietnam\,\ 1954=>Dien\ Bien\ Phu\,\ Battle\ of\,\ Điện\ Biên\ Phủ\,\ Vietnam\,\ 1954
Dien\ Bien\ Phu\,\ Battle\ of\,\ Dien\ Bien\ Phu\,\ Vietnam\,\ 1954.=>Dien\ Bien\ Phu\,\ Battle\ of\,\ Điện\ Biên\ Phủ\,\ Vietnam\,\ 1954
DiGrazia\,\ Robert=>DiGrazia\,\ Robert\ J.
Dimock\ Community\ Health\ Center\ (Boston\,\ Mass.)=>Dimock\ Community\ Health\ Center\ (Roxbury\,\ Mass.)
Dimock\ Community\ Health\ Center\ -\ Roxbury\ -\ Massachusetts=>Dimock\ Community\ Health\ Center\ (Roxbury\,\ Mass.)
Dramas=>Drama
Drawings=>Drawing
Drop-A-Dime\ Program=>Drop-a-Dime\ Program
Drug\ Traffic=>Drug\ traffic
John\ Foster\ Dulles=>Dulles\,\ John\ Foster\,\ 1888-1959
Economic\ assistance\ Vietnam=>Economic\ assistance--Vietnam
Educational\ Talent\ Search\ Program\ -\ Boston\ -\ Massachusetts=>Educational\ Talent\ Search\ Program\ (Boston\,\ Mass.)
Albert\ Einstein=>Einstein\,\ Albert\,\ 1879-1955
Dwight\ Eisenhower=>Eisenhower\,\ Dwight\ D.\ (Dwight\ David)\,\ 1890-1969
President\ Eisenhower=>Eisenhower\,\ Dwight\ D.\ (Dwight\ David)\,\ 1890-1969
El\ Comite\ De\ Padres\ -\ Boston\ -\ Massachusetts=>El\ Comite\ De\ Padres\ (Boston\,\ Mass.)
electronic\ intelligence=>Electronic\ intelligence
Eritrea--History--Revolution\,\ 1962-199=>Eritrea--History--Revolution\,\ 1962-1993
Escalation=>Escalation\ (Military\ science)
Famine=>Famines
Enrico\ Fermi=>Fermi\,\ Enrico\,\ 1901-1954
Finnegan\,\ David\ I.=>Finnegan\,\ David
Fire\ Departments=>Fire\ departments
Flynn\,\ Raymond=>Flynn\,\ Raymond\ L.
John\ James\ Flynt\,\ Jr.=>Flynt\,\ John\ James\,\ Jr.
Ford\,\ Gerald=>Ford\,\ Gerald\ R.\,\ 1913-2006
Gerald\ Ford=>Ford\,\ Gerald\ R.\,\ 1913-2006
Ford\,\ Harold\ E.=>Ford\,\ Harold\,\ 1945-
James\ Forrestal=>Forrestal\,\ James
France\ Colonies--Asia=>France--Colonies--Asia
History\ of\ France=>France--History
France\ History\,\ Military--20th\ century=>France--History\,\ Military--20th\ century
France\ History\ 1958-=>France--History--1958-
France--Politics\ and\ Government=>France--Politics\ and\ government
Government\ of\ France=>France--Politics\ and\ government
Politics\ of\ France=>France--Politics\ and\ government
French\ Third\ Republic=>France--Politics\ and\ government--1870-1940
France\ Politics\ and\ government\ 1940-1945=>France--Politics\ and\ government--1940-1945
French\ Fourth\ Republic=>France--Politics\ and\ government--1945-1958
French\ president=>France--Presidents
Frazier\,\ Dr.\ Patricia=>Frazier\,\ Patricia
Freedom\ House=>Freedom\ House\ (Roxbury\,\ Boston\,\ Mass.)
Freedom\ of\ information\ legislation=>Freedom\ of\ information--Law\ and\ legislation
Klaus\ Fuchs=>Fuchs\,\ Klaus
Mohandas\ Karamchand\ Gandhi=>Gandhi\,\ Mahatma\,\ 1869-1948
Garrity\,\ W.\ Arthur\ Jr.\ Griffith\,\ Gary=>Garrity\,\ W.\ Arthur\ (Wendell\ Arthur)\,\ 1920-1999
Genghis\ Khan=>Genghis\ Khan\,\ 1162-1227
George\ Middleton\ House\ -\ Boston\ -\ Massachusetts=>George\ Middleton\ House\ (Boston\,\ Mass.)
Germany\ (nation)=>Germany
German\ Army=>Germany.\ Heer
Germany\ Armed\ Forces=>Germany--Armed\ Forces
Germany\ Foreign\ relations\ 1945-=>Germany--Foreign\ relations--1945-
Germany\ Foreign\ relations\ United\ States=>Germany--Foreign\ relations--United\ States
Politics\ of\ Germany=>Germany--Politics\ and\ government
Nazi\ Germany=>Germany--Politics\ and\ government--1933-1945
Giovanni\,\ Yolande\ Cornelia\ (&quot;Nikki&quot;)=>Giovanni\,\ Yolande\ Cornelia\ ("Nikki")
Mikhail\ Gorbachev=>Gorbachev\,\ Mikhail\ Sergeevich\,\ 1931-
government=>Government
Government\,\ resistance\ to=>Government\,\ Resistance\ to
Governor's\ Commission\ on\ the\ Status\ of\ Women\ (Massachusetts)=>Governor's\ Commission\ on\ the\ Status\ of\ Women\ (Mass.)
Britain=>Great\ Britain
U.K.=>Great\ Britain
UK=>Great\ Britain
United\ Kingdom=>Great\ Britain
Alec\ Douglas-Home=>Great\ Britain.\ Prime\ Minister\ (1963-1964\ :\ Douglas-Home)
Great\ power=>Great\ powers
Greater\ Roxbury\ Incorporation\ Project\ (GRIP)=>Greater\ Roxbury\ Incorporation\ Project
Greenham\ Common=>Greenham\ Common\ Women's\ Peace\ Camp
Andrei\ Gromyko=>Gromyko\,\ Andreĭ\ Andreevich\,\ 1909-1989
Hanoi\ (Vietnam)\ History=>Hanoi\ (Vietnam)--History
Harvard=>Harvard\ University
Michael\ Heseltine=>Heseltine\,\ Michael
Hiroshima-shi\ (Japan)\ History\ Bombardment\,\ 1945=>Hiroshima-shi\ (Japan)--History--Bombardment\,\ 1945
Hispanic\ Americans\ -\ Services\ for\ -\ Boston\ -\ Massachusetts=>Hispanic\ Americans--Services\ for--Massachusetts--Boston
Hitler=>Hitler\,\ Adolf\,\ 1889-1945
Ho\ Chi\ Minh\,\ 1890-1969=>Hồ\,\ Chí\ Minh\,\ 1890-1969
Ho\,\ Chi\ Minh\,\ 1890-1969=>Hồ\,\ Chí\ Minh\,\ 1890-1969
Hoa\ Hao=>Hòa\ Hảo\ (Vietnam)
Hue\,\ Battle\ of\,\ Hue\,\ Vietnam\,\ 1968=>Hue\,\ Battle\ of\,\ Hué̂\,\ Vietnam\,\ 1968.
Hue\,\ Battle\ of\,\ Hué\,\ Vietnam\,\ 1968=>Hue\,\ Battle\ of\,\ Hué̂\,\ Vietnam\,\ 1968.
Hue\,\ Battle\ of\,\ Huế\,\ Vietnam\,\ 1968=>Hue\,\ Battle\ of\,\ Hué̂\,\ Vietnam\,\ 1968.
Hyde\ Park\ High\ School=>Hyde\ Park\ High\ School\ (Boston\,\ Mass.)
Inauguration\ day=>Inauguration\ Day
Indian\ Army=>India.\ Army
Indian\ Armed\ Forces=>India--Armed\ Forces
Indians\ of\ North\ Americans--Land\ tenure=>Indians\ of\ North\ America--Land\ tenure
Government\ of\ India=>India--Politics\ and\ government
Indigenous\ people=>Indigenous\ peoples
Indochina\ War\,\ 1946-1954=>Indochinese\ War\,\ 1946-1954
Indochinese\ War\,\ 1946-1954.=>Indochinese\ War\,\ 1946-1954
Institute\ for\ Defense\ and\ Disarmament\ Studies=>Institute\ for\ Defense\ and\ Disarmament\ Studies\ (U.S.)
Intercontinental\ ballistic\ missile=>Intercontinental\ ballistic\ missiles
Republic\ of\ Ireland=>Ireland
Jackson\,\ Ellen\ Swepson=>Jackson\,\ Ellen
Henry\ M.\ Jackson=>Jackson\,\ Henry\ M.\ (Henry\ Martin)\,\ 1912-1983
Jackson\,\ John=>Jackson\,\ John\,\ 1924-2002
Jackson\,\ Maynard=>Jackson\,\ Maynard\,\ 1938-2003
Jamal\,\ Hakim=>Jamal\,\ Hakim\ A.\,\ 1931-
Surrender\ of\ Japan=>Japan--History\,\ Military--1945-
Pope\ John\ XXIII=>John\ XXIII\,\ Pope\,\ 1881-1963
Louis\ A.\ Johnson=>Johnson\,\ Louis\ A.
President\ Johnson=>Johnson\,\ Lyndon\ B.\ (Lyndon\ Baines)\,\ 1908-1973
United\ States.\ President\ (1963-1969\ :\ Johnson)=>Johnson\,\ Lyndon\ B.\ (Lyndon\ Baines)\,\ 1908-1973
Frederic\ Joliot-Curie=>Joliot-Curie\,\ Frédéric
John\ Paul\ Jones=>Jones\,\ John\ Paul
Herman\ Kahn=>Kahn\,\ Herman\,\ 1922-1983
Carl\ Kaysen=>Kaysen\,\ Carl
Kelly\,\ Dr.\ Houston=>Kelly\,\ Houston
George\ F.\ Kennan=>Kennan\,\ George\ F.\ (George\ Frost)\,\ 1904-2005
Jack\ Kennedy=>Kennedy\,\ John\ F.\ (John\ Fitzgerald)\,\ 1917-1963
John\ F.\ Kennedy=>Kennedy\,\ John\ F.\ (John\ Fitzgerald)\,\ 1917-1963
Kennedy\ administration=>Kennedy\,\ John\ F.\ (John\ Fitzgerald)\,\ 1917-1963
President\ Kennedy=>Kennedy\,\ John\ F.\ (John\ Fitzgerald)\,\ 1917-1963
United\ States.\ President\ (1961-1963\ :\ Kennedy)=>Kennedy\,\ John\ F.\ (John\ Fitzgerald)\,\ 1917-1963
Kerry\ John\,\ 1943-=>Kerry\,\ John\,\ 1943-
Nikita\ Khrushchev=>Khrushchev\,\ Nikita\ Sergeevich\,\ 1894-1971
King\,\ Martin\ Luther\,\ Jr.=>King\,\ Martin\ Luther\,\ Jr.\,\ 1929-1968
Henry\ Kissinger=>Kissinger\,\ Henry\,\ 1923-
Kissinger=>Kissinger\,\ Henry\,\ 1923-
Helmut\ Kohl=>Kohl\,\ Helmut\,\ 1930-
Korean\ War=>Korean\ War\,\ 1950-1953
Alexey\ Kosygin=>Kosygin\,\ Aleksey\ Nikolayevich\,\ 1904-1980
Ku\ Klux\ Klan\ (1915-\ )=>Ku\ Klux\ Klan\ (1915-)
Trade\ union=>Labor\ unions
Trade-unions=>Labor\ unions
Lakes\ Vietnam=>Lakes--Vietnam
Landscape=>Landscapes
Lawson\,\ Rev.\ Earl=>Lawson\,\ Earl
Paul\ Laxalt=>Laxalt\,\ Paul
Le\ Duc\ Tho=>Lê\,\ Đức\ Thọ\,\ 1911-1990
Le\ Duc\ Tho\,\ 1911-1990=>Lê\,\ Đức\ Thọ\,\ 1911-1990
Le\,\ Duc\ Tho\,\ 1911-1990=>Lê\,\ Đức\ Thọ\,\ 1911-1990
Lê\ Minh\ Đảo=>Lê\,\ Minh\ Độ
Legal\ services--Boston--Massachusetts=>Legal\ services--Massachusetts--Boston
Vladimir\ Lenin=>Lenin\,\ Vladimir\ Ilʹich\,\ 1870-1924
Lewis\ Hayden\ House\ -\ Boston\ -\ Massachusetts=>Lewis\ Hayden\ House\ (Boston\,\ Mass.)
Selwyn\ Lloyd=>Lloyd\,\ Selwyn\,\ 1904-1978
Henry\ Cabot\ Lodge=>Lodge\,\ Henry\ Cabot\,\ 1902-1985
Loving\,\ Winifred\ &quot;Oyoko&quot;=>Loving\,\ Winifred\ "Oyoko"
Lyons\,\ Louis=>Lyons\,\ Louis\ Martin\,\ 1897-1982
General\ MacArthur=>MacArthur\,\ Douglas\,\ 1880-1964
General\ McArthur=>MacArthur\,\ Douglas\,\ 1880-1964
Madison\ Park\ High\ School=>Madison\ Park\ High\ School\ (Roxbury\,\ Mass.)
March\ on\ Washington\ for\ Jobs\ and\ Freedom\,\ Washington\,\ D.C.\,\ 1963.=>March\ on\ Washington\ for\ Jobs\ and\ Freedom\,\ Washington\,\ D.C.\,\ 1963
George\ Marshall=>Marshall\,\ George\ C.\ (George\ Catlett)\,\ 1880-1959
Karl\ Marx=>Marx\,\ Karl\,\ 1818-1883
Massachusetts\ Correctional\ Institution\ at\ Norfolk\ (Norfolk\,\ Mass.)=>Massachusetts\ Correctional\ Institution\,\ Norfolk
Massachusetts\ Water\ Resources\ Authority\ (MWRA)=>Massachusetts\ Water\ Resources\ Authority
Mat\ tran\ dan\ toc\ giai\ phong\ mien\ nam\ Viet\ Nam=>Mặt\ trận\ dân\ tộc\ giải\ phóng\ miền\ nam\ Việt\ Nam
Mặt\ trận\ dân\ tộc\ giải\ phóng\ miè̂n\ nam\ Việt\ Nam=>Mặt\ trận\ dân\ tộc\ giải\ phóng\ miền\ nam\ Việt\ Nam
McCarthy\,\ Eugene\ Joseph\,\ 1916-2005=>McCarthy\,\ Eugene\ J.\,\ 1916-2005
Joseph\ McCarthy=>McCarthy\,\ Joseph\,\ 1908-1957
McClain\,\ Reverend\ William\ B.\ Moore\,\ Rev.\ Prentiss=>McClain\,\ Reverend\ William\ B.
John\ C.\ McCloy=>McCloy\,\ John\ C.
John\ J.\ McCloy=>McCloy\,\ John\ J.\ (John\ Jay)\,\ 1895-1989
John\ A.\ McCone=>McCone\,\ John\ A.\ (John\ Alex)\,\ 1902-1991
Media\ and\ society=>Media\ &amp;\ society
Mendes\ France\,\ Pierre\,\ 1907-1982=>Mendès\ France\,\ Pierre\,\ 1907-1982
Pierre\ Mendes\ France=>Mendès\ France\,\ Pierre\,\ 1907-1982
Minority\ Council\ on\ Alcoholism\ -\ Boston\ -\ Massachusetts=>Minority\ Council\ on\ Alcoholism\ (Boston\,\ Mass.)
Mohammed\ Daoud\ Khan=>Mohammad\ Daoud\,\ Sardar\,\ 1909-1978
Helmuth\ von\ Moltke\ the\ Elder=>Moltke\,\ Helmuth\,\ Graf\ von\,\ 1800-1891
Walter\ Mondale=>Mondale\,\ Walter\ F.\,\ 1928-
Moore\,\ Rev.\ Prentiss=>Moore\,\ Prentiss
Bill\ Moyers=>Moyers\,\ Bill\ D.
Daniel\ Patrick\ Moynihan=>Moynihan\,\ Daniel\ P.\ (Daniel\ Patrick)\,\ 1927-2003
Mozambique--History--Revolution\,\ 1964-1965=>Mozambique--History--Revolution\,\ 1964-1975
Muhammad\,\ Wallace\ D.\ Rasoul\,\ Abass=>Muhammad\,\ Wallace\ D.
Multiple\ independently\ targetable\ re-entry\ vehicle=>Multiple\ independently\ targetable\ reentry\ vehicle
NAACP\ (National\ Association\ for\ the\ Advancement\ of\ Colored\ People)=>National\ Association\ for\ the\ Advancement\ of\ Colored\ People
National\ Caucus\ on\ the\ Black\ Aged\,\ Inc.\ New\ Film\ Company\,\ Inc.\ Old\,\ Black\ and\ Alive\ (Motion\ picture)=>National\ Caucus\ on\ the\ Black\ Aged\ (U.S.)
National\ Center\ of\ Afro-American\ Artists=>National\ Center\ of\ Afro-American\ Artists\ (Roxbury\,\ Mass.)
National\ Center\ of\ Afro-American\ Artists.\ Dancy\ Company=>National\ Center\ of\ Afro-American\ Artists.\ Dance\ Company
Celebrate\ '76\ Dance\ Company\ of\ the\ National\ Center\ of\ Afro-American\ Artists=>National\ Center\ of\ Afro-American\ Artists.\ Dance\ Company.\ Celebrate\ '76\ 
National\ Security\ Advisor\ United\ States=>National\ Security\ Advisor
National\ Security\ Council=>National\ Security\ Council\ (U.S.)
National\ War\ College=>National\ War\ College\ (U.S.)
Nela\ (opera)=>Nela\ (Opera)
New\ York\ Times=>New\ York\ times
Ngo&amp;#770;\,\ &amp;#272;i&amp;#768;nh\ Die&amp;#770;&amp;#803;m\,\ 1901-1963=>Ngô\,\ Đình\ Diệm\,\ 1901-1963
Ngo\,\ Dinh\ Diem\,\ 1901-1963=>Ngô\,\ Đình\ Diệm\,\ 1901-1963
Ngo\,\ Dinh\ Nhu\,\ 1901-1963=>Ngô\,\ Đình\ Nhu\,\ 1910-1963
Ngo\,\ Dinh\ Nhu\,\ 1910-1963=>Ngô\,\ Đình\ Nhu\,\ 1910-1963
Ngo\,\ Dinh\ Nhu\,\ Mme.=>Ngô\,\ Đình\ Nhu\,\ Mme.\,\ 1924-
Ngo\,\ Dinh\ Nhu\,\ Mme.\,\ 1924-=>Ngô\,\ Đình\ Nhu\,\ Mme.\,\ 1924-
Ngô\,\ Đình\ Nhu\,\ Mme.=>Ngô\,\ Đình\ Nhu\,\ Mme.\,\ 1924-
Tran\,\ Le\ Xuan\,\ 1924-=>Ngô\,\ Đình\ Nhu\,\ Mme.\,\ 1924-
Nguyen\,\ Cao\ Ky=>Nguyễn\,\ Cao\ Kỳ
Nguyễn\,\ Cao\ Kỳ=>Nguyễn\,\ Cao\ Kỳ
Nguyen\,\ Khanh\,\ 1927-=>Nguyễn\,\ Khánh\,\ 1927-
Nguyễn\,\ Khánh=>Nguyễn\,\ Khánh\,\ 1927-
Nguyen\ Phu\ Duc=>Nguyen\,\ Phu\ Duc
Nguyen\ Van\ Thieu\,\ 1923-2001=>Nguyễn\,\ Văn\ Thiệu\,\ 1923-2001
Nguyen\,\ Van\ Thieu\,\ 1923-2001=>Nguyễn\,\ Văn\ Thiệu\,\ 1923-2001
Paul\ Nitze=>Nitze\,\ Paul\ H.
Nixon=>Nixon\,\ Richard\ M.\ (Richard\ Milhous)\,\ 1913-1994
Nixon\ Administration=>Nixon\,\ Richard\ M.\ (Richard\ Milhous)\,\ 1913-1994
Nixon\ administration=>Nixon\,\ Richard\ M.\ (Richard\ Milhous)\,\ 1913-1994
President\ Nixon=>Nixon\,\ Richard\ M.\ (Richard\ Milhous)\,\ 1913-1994
United\ States.\ President\ (1969-1974\ :\ Nixon)=>Nixon\,\ Richard\ M.\ (Richard\ Milhous)\,\ 1913-1994
Nkunta\,\ Joesph=>Nkunta\,\ Joseph
Nobel\ Prize=>Nobel\ Prizes
Nobel\ prize=>Nobel\ Prizes
Nobel-prize=>Nobel\ Prizes
NATO=>North\ Atlantic\ Treaty\ Organization
North\ Korea\ (nation)=>North\ Korea
Nuclear\ weapon=>Nuclear\ weapons
Nuclear\ weapons\ delivery=>Nuclear\ weapons--Delivery
Nuclear\ weapons\ Testing=>Nuclear\ weapons--Testing
Offensive\ military=>Offensive\ (Military\ science)
J.\ Robert\ Oppenheimer=>Oppenheimer\,\ J.\ Robert\,\ 1904-1967
David\ Owen=>Owen\,\ David
Owens\,\ Rev.\ Richard=>Owens\,\ Richard
Pakistan\ Army=>Pakistan.\ Army
Pan\ African\ Liberation\ Committee=>Pan-African\ Liberation\ Committee
Panama\ Canal=>Panama\ Canal\ (Panama)
Partido\ Africano\ da\ Independência\ da\ Guiné\ e\ Cabo\ Verde=>Partido\ Africano\ da\ Independência\ da\ Guiné\ e\ Cabo\ Verde
Peace\ Movements=>Peace\ movements
Pearl\ Harbor=>Pearl\ Harbor\ (Hawaii)
Lester\ B.\ Pearson=>Pearson\,\ Lester\ B.
Rudolf\ Peierls=>Peierls\,\ Rudolf\ E.\ (Rudolf\ Ernst)\,\ 1907-1995
Richard\ Perle=>Perle\,\ Richard
Persian\ Gulf\ war\,\ 1991=>Persian\ Gulf\ War\,\ 1991
Peters\,\ Dr.\ Lenri=>Peters\,\ Lenri
Georges\ Pompidou=>Pompidou\,\ Georges\,\ 1911-1974
Pouissant\,\ Dr.\ Alvin=>Pouissant\,\ Alvin
Poussaint\,\ Dr.\ Alvin=>Pouissant\,\ Alvin
Pres=>President
Presi=>President
Presidential\ election=>Presidents--Election
Presidents\ United\ States\ Staff=>Presidents--United\ States--Staff
Prime\ minister=>Prime\ ministers
Prisoner\ of\ war=>Prisoners\ of\ war
radar=>Radar
Ragona\,\ Rev.\ Margaret=>Ragona\,\ Margaret
Presidency\ of\ Ronald\ Reagan=>Reagan\,\ Ronald
President\ Reagan=>Reagan\,\ Ronald
reconnaissance=>Reconnaissance
Regents\ of\ the\ University\ of\ California\ v.\ Bakke\,\ The=>Regents\ of\ the\ University\ of\ California\ v.\ Bakke
Reid\,\ Dr.\ William=>Reid\,\ William
Renner\,\ Dr.\ John=>Renner\,\ John
Republican=>Republican\ Party\ (U.S.\ :\ 1854-\ )
Republican\ National\ Party=>Republican\ Party\ (U.S.\ :\ 1854-\ )
Republican\ Party=>Republican\ Party\ (U.S.\ :\ 1854-\ )
Walter\ Reuther=>Reuther\,\ Walter\,\ 1907-1970
Rivers\ Vietnam=>Rivers--Vietnam
Franklin\ Delano\ Roosevelt=>Roosevelt\,\ Franklin\ D.\ (Franklin\ Delano)\,\ 1882-1945
Roxbury\ Action\ Program=>Roxbury\ Action\ Program\ (Boston\,\ Mass.)
Roxbury\ Community\ College=>Roxbury\ Community\ College\ (Roxbury\,\ Mass.)
Roxbury\ Comprehensive\ Health\ Center=>Roxbury\ Comprehensive\ Community\ Health\ Center\ (Roxbury\,\ Mass.)
Roxbury\ Defenders=>Roxbury\ Defenders\ Committee\,\ Inc.
Royal\ Airforce=>Royal\ Air\ Force
Royall\ House\ -\ Boston\ -\ Massachusetts=>Royall\ House\ (Boston\,\ Mass.)
Joan\ Ruddock=>Ruddock\,\ Joan
Dean\ Rusk=>Rusk\,\ Dean\,\ 1909-1994
Andrei\ Sakharov=>Sakharov\,\ Andreĭ\,\ 1921-1989
Sanchez\,\ Sonia=>Sanchez\,\ Sonia\,\ 1934-
Vikram\ Sarabhai=>Sarabhai\,\ Vikram\ A.\,\ 1919-1971
Savior's\ Day\ Celebration\ Chicago\ -\ Illinois\ (1975)=>Savior's\ Day\ Celebration\ (1975\ :\ Chicago\,\ Ill.)
Say\ Brother\ (television\ program)=>Say\ Brother\ (Television\ program)
John\ A.\ Scali=>Scali\,\ John\ A.
Wally\ Schirra=>Schirra\,\ Wally
James\ R.\ Schlesinger=>Schlesinger\,\ James\ R.
Helmut\ Schmidt=>Schmidt\,\ Helmut\,\ 1918\ Dec.\ 23-\ 
School\ Boards=>School\ boards
Segregation\ in\ education--Massachusetts--Boston—History=>Segregation\ in\ education--Massachusetts--Boston--History
Segregation\ in\ education--Massachusetts—Boston--History=>Segregation\ in\ education--Massachusetts--Boston--History
Shen\,\ Dr.\ John=>Shen\,\ John
ships=>Ships
Marshall\ D.\ Shulman=>Shulman\,\ Marshall\ D.
George\ P.\ Shultz=>Shultz\,\ George\ Pratt\,\ 1920-
Suez\ Crisis=>Sinai\ Campaign\,\ 1956
Gerard\ C.\ Smith=>Smith\,\ Gerard\ C.
Sodiers=>Soldiers
South\ Africa\ in\ motion\ pictures=>South\ Africa--In\ motion\ pictures
South\ Boston\ Information\ Center\ (SBIC)=>South\ Boston\ Information\ Center
Soviet\ Union--Politics\ and\ Government=>Soviet\ Union--Politics\ and\ government
Soviet\ Union--Politics\ and\ government.=>Soviet\ Union--Politics\ and\ government
Spellman\,\ A.B.=>Spellman\,\ A.\ B.\,\ 1935-
Sport=>Sports
Joseph\ Stalin=>Stalin\,\ Joseph\,\ 1879-1953
State\ Street\ Bank=>State\ Street\ Bank\ and\ Trust\ Company\ (Boston\,\ Mass.)
Strategy\ (military\ science)=>Strategy
Franz\ Josef\ Strauss=>Strauss\,\ Franz\ Josef\,\ 1915-1988
Suez\ Canal=>Suez\ Canal\ (Egypt)
Sullivan\,\ Dr.\ Louis=>Sullivan\,\ Louis
Surface-to-surface\ missile=>Surface-to-surface\ missiles
surveillance=>Surveillance
Sweden\ (nation)=>Sweden
Take\ Back\ the\ Night\ March\ -\ Boston\ -\ Massachusetts\ (1979)=>Take\ Back\ the\ Night\ March\ (1979\ :\ Boston\,\ Mass.)
Maxwell\ D.\ Taylor=>Taylor\,\ Maxwell\ D.\ (Maxwell\ Davenport)\,\ 1901-1987
technology=>Technology
Edward\ Teller=>Teller\,\ Edward\,\ 1908-2003
Thomas\,\ Carla=>Thomas\,\ Carla\,\ 1942-
Thomas\,\ Rev.\ George=>Thomas\,\ George
Llewellyn\ Thompson=>Thompson\,\ Llewellyn\,\ 1904-1972
Timilty\,\ Joseph\ F.=>Timilty\,\ Joseph
Henry\ Tizard=>Tizard\,\ Henry
Harry\ S.\ Truman=>Truman\,\ Harry\ S.\,\ 1884-1972
Central\ Committee\ of\ the\ Communist\ Party\ of\ the\ Soviet\ Union=>T︠S︡K\ KPSS
Barbara\ Tuchman=>Tuchman\,\ Barbara
Turner\,\ Chuck=>Turner\,\ Charles\ (Charles\ B.)
united\ Nations\ Security\ Council=>United\ Nations.\ Security\ Council
U.S.=>United\ States
United\ States\ of\ America=>United\ States
US\ Marshals=>United\ States\ marshals
United\ States\ Air\ Force=>United\ States.\ Air\ Force
Strategic\ Air\ Command=>United\ States.\ Air\ Force.\ Strategic\ Air\ Command
Strategic\ Air\ Command\ (SAC)=>United\ States.\ Air\ Force.\ Strategic\ Air\ Command
Department\ of\ the\ Army=>United\ States.\ Army
United\ States\ Army=>United\ States.\ Army
United\ States\ Atomic\ Energy\ Commission=>United\ States.\ Atomic\ Energy\ Commission
United\ States\ Coast\ Guard=>United\ States.\ Coast\ Guard
House\ of\ Representatives=>United\ States.\ Congress.\ House
Joint\ session\ of\ the\ United\ States\ Congress=>United\ States.\ Congress.\ Joint\ Session
United\ States\ Senate\ Committee\ on\ Armed\ Services=>United\ States.\ Congress.\ Senate.\ Committee\ on\ Armed\ Services
United\ States\ Senate\ Committee\ on\ Foreign\ Relations=>United\ States.\ Congress.\ Senate.\ Committee\ on\ Foreign\ Relations
United\ States\ Secretary\ of\ Defense=>United\ States.\ Dept.\ of\ Defense
United\ States.\ Dept.\ of\ Housing\ and\ Development=>United\ States.\ Dept.\ of\ Housing\ and\ Urban\ Development
United\ States\ Secretary\ of\ State=>United\ States.\ Dept.\ of\ State
Bureau\ of\ East\ Asian\ and\ Pacific\ Affairs=>United\ States.\ Dept.\ of\ State.\ Bureau\ of\ Far\ Eastern\ Affairs
United\ States\ Secretary\ of\ the\ Air\ Force=>United\ States.\ Dept.\ of\ the\ Air\ Force
United\ States.\ Federal\ Bureau\ of\ Investigation.=>United\ States.\ Federal\ Bureau\ of\ Investigation
Joint\ Chiefs=>United\ States.\ Joint\ Chiefs\ of\ Staff
Joint\ Chiefs\ of\ Staff=>United\ States.\ Joint\ Chiefs\ of\ Staff
United\ States\ Marine\ Corps=>United\ States.\ Marine\ Corps
United\ States\ Navy=>United\ States.\ Navy
United\ States.\ navy=>United\ States.\ Navy
Chairman\ of\ the\ Joint\ Chiefs=>United\ States.\ Office\ of\ the\ Chairman\ of\ the\ Joint\ Chiefs\ of\ Staff
Chairman\ of\ the\ Joint\ Chiefs\ of\ Staff=>United\ States.\ Office\ of\ the\ Chairman\ of\ the\ Joint\ Chiefs\ of\ Staff
the\ president=>United\ States.\ President
United\ States\ armed\ forces=>United\ States--Armed\ Forces
United\ States.--Armed\ Forces=>United\ States--Armed\ Forces
Foreign\ policy\ of\ the\ United\ States=>United\ States--Foreign\ policy
United\ States\ Foreign\ relations\ 1945-1989=>United\ States--Foreign\ relations--1945-1989
United\ States\ Foreign\ relations\ Asia=>United\ States--Foreign\ relations--Asia
United\ States\ Foreign\ relations\ Soviet\ Union=>United\ States--Foreign\ relations--Soviet\ Union
History\ of\ the\ United\ States=>United\ States--History
United\ States--History\ 1945-=>United\ States--History--1945-
United\ States--History––1945-=>United\ States--History--1945-
United\ States\ National\ Guard=>United\ States--National\ Guard
Federal\ government\ of\ the\ United\ States=>United\ States--Politics\ and\ government
Verner\,\ Brenda=>Verner\,\ Brenda\ J.
Viet\ Nam\ doc\ lap\ dong\ minh\ hoi=>Việt\ Nam\ độc\ lập\ đồng\ minh\ hội
Vietn\ Nam\ doc\ lap\ dong\ minh\ hoi=>Việt\ Nam\ độc\ lập\ đồng\ minh\ hội
Vietnam\ (Republic).\ Qua&amp;#770;n\ l&amp;#432;&amp;#803;c=>Vietnam\ (Republic).\ Quân\ lực
Vietnam\ (Republic).\ Quan\ luc=>Vietnam\ (Republic).\ Quân\ lực
Vietnam\ (Republic)--History--Coup\ d'etat\,\ 1960=>Vietnam\ (Republic)--History--Coup\ dՎtat\,\ 1960
Vietnam\ (Republic)--History--Coup\ detat\,\ 1960=>Vietnam\ (Republic)--History--Coup\ d’état\,\ 1960
Vietnam\ (Republic)--History--Coup\ d’etat\,\ 1960=>Vietnam\ (Republic)--History--Coup\ d’état\,\ 1960
Vietnam\ (Republic)--History--Coup\ détat\,\ 1963=>Vietnam\ (Republic)--History--Coup\ d’état\,\ 1963
Vietnam\ (Republic)--History--Coup\ d'etat\,\ 1963=>Vietnam\ (Republic)--History--Coup\ détat\,\ 1963
Vietnam\ (Republic)--History--Coup\ detat\,\ 1963=>Vietnam\ (Republic)--History--Coup\ détat\,\ 1963
Vietnam\ (Republic)--History--Coup\ d’etat\,\ 1963=>Vietnam\ (Republic)--History--Coup\ détat\,\ 1963
Vietnam\ Veterans\ of\ Massachusetts\,\ Incorporated=>Vietnam\ Veterans\ of\ Massachusetts
Vietnam\ War=>Vietnam\ War\,\ 1961-1975
Vietnam\ War\,\ 1961-1975\ Cambodia=>Vietnam\ War\,\ 1961-1975--Cambodia
Vietnam\ War\,\ 1961-1975--Cambodia&lt;=>Vietnam\ War\,\ 1961-1975--Cambodia
Vietnam\ War\,\ 1961-1975\ Personal\ narratives\,\ French=>Vietnam\ War\,\ 1961-1975--Personal\ narratives\,\ French
Vietnam\ War\,\ 1961-1975\ Personal\ narratives\,\ North\ Vietnamese=>Vietnam\ War\,\ 1961-1975--Personal\ narratives\,\ North\ Vietnamese
Vietnam\ War\,\ 1961-1975\ Protest\ movements=>Vietnam\ War\,\ 1961-1975--Protest\ movements
Vietnam\ War\,\ 1961-1975--Protest\ movements\ United\ States=>Vietnam\ War\,\ 1961-1975--Protest\ movements--United\ States
Vietnam\ History\ 1945-1975=>Vietnam--History--1945-1975
Vietnam--History\ 1945-1975=>Vietnam--History--1945-1975
Vietnam--History--August\ Revolution\,\ 1945.=>Vietnam--History--August\ Revolution\,\ 1945
Vietnam\ History\ Lý\ dynasty\,\ 1010-1225=>Vietnam--History--Lý\ dynasty\,\ 1010-1225
Vietnam\ History\ Trần\ dynasty\,\ 1225-1400=>Vietnam--History--Trần\ dynasty\,\ 1225-1400
Walters\,\ Dr.\ Ronald=>Walters\,\ Ronald
war=>War
War\ Finance=>War\ finance
War\ Environmental\ aspects=>War--Environmental\ aspects
Paul\ Warnke=>Warnke\,\ Paul\ C.\,\ 1920-
Webster\ Lewis\ Septet=>Webster\ Lewis\ Septet\ (Musical\ group)
Weeks\,\ Rev.\ William=>Weeks\,\ William
White\,\ Kevin=>White\,\ Kevin\ H.
Pete\ Wilson=>Wilson\,\ Pete
Yalta\ Conference=>Yalta\ Conference\ (1945)
Abernathy\,\ Ralph=>Abernathy\,\ Ralph\,\ 1926-1990
Acconci\,\ Vito=>Acconci\,\ Vito\,\ 1940-
Adatto\,\ Kiku=>Adatto\,\ Kiku\,\ 1947-
Akram\,\ A.\ I.\ (Agha\ Ibrahim)=>Akram\,\ A.\ I.
Almy\,\ Max=>Almy\,\ Max\,\ 1948-
Juanita\ Anderson=>Anderson\,\ Juanita
Anderson\,\ Laurie=>Anderson\,\ Laurie\,\ 1947-
Andriessen\,\ Louis=>Andriessen\,\ Louis\,\ 1939-
Ann-Margaret\,\ 1941-=>Ann-Margret\,\ 1941-
David\ Atwood=>Atwood\,\ David
Backman\,\ Jack\ H.=>Backman\,\ Jack
Jaqueline\ Banks=>Banks\,\ Jaqueline
Banks\,\ Judge\ Richard\ L.=>Banks\,\ Richard\ L.
Barabara\ Barrow-Murray=>Barrow-Murray\,\ Barbara
Barbara\ BArrow=>Barrow-Murray\,\ Barbara
Barbara\ Barrow=>Barrow-Murray\,\ Barbara
Barbara\ Barrow\ -\ Murray=>Barrow-Murray\,\ Barbara
Barbara\ Barrow-Murray=>Barrow-Murray\,\ Barbara
Barrow\,\ Barbara=>Barrow-Murray\,\ Barbara
Beals\,\ Melba=>Beals\,\ Melba\ Pattillo
Beck\,\ Stephen=>Beck\,\ Stephen\,\ 1950-
Bell\,\ Dr.\ Carolyn\ Shaw=>Bell\,\ Carolyn\ Shaw
Bell\,\ Derrick=>Bell\,\ Derrick\ A.
Bellotti\,\ Francis=>Bellotti\,\ Francis\ X.
Charles\ Bennett=>Bennett\,\ Charles
Beth\ B.=>Beth\ B\,\ 1955-
Biko\,\ Steve=>Biko\,\ Steve\,\ 1946-1977
Blake\,\ Dr.\ Eliash\,\ Jr.=>Blake\,\ Eliash\,\ Jr.
Blessing\,\ Charles=>Blessing\,\ Charles\ A.
Charlie\ Bloom=>Bloom\,\ Charlie
David\ Boeri=>Boeri\,\ David
Bolling\,\ Royal\ Sr.=>Bolling\,\ Royal\,\ Sr.
Bond\,\ Julian=>Bond\,\ Julian\,\ 1940-
Jim\ Boyd=>Boyd\,\ Jim
Brezhnev\,\ Leonid\ Il&amp;#697;ich\,\ 1906-1982=>Brezhnev\,\ Leonid\ Ilʹich\,\ 1906-1982
Hazel\ V.\ Bright=>Bright\,\ Hazel\ V.
Jon\ Brim=>Brim\,\ Jon
Brooke\,\ Edward=>Brooke\,\ Edward\ William\,\ 1919-
Brother\ Blue\ (Dr.\ Hugh\ Morgan\ Hill)=>Brother\ Blue
Brown\,\ Earle=>Brown\,\ Earle\,\ 1926-2002
Brown\,\ Samuel=>Brown\,\ Sam\,\ 1943-
Brown\,\ Trisha=>Brown\,\ Trisha\,\ 1936-
Brown\,\ Trisha\,=>Brown\,\ Trisha\,\ 1936-
Brutus\,\ Dennis=>Brutus\,\ Dennis\,\ 1924-2009
Bryant\,\ Rev.\ John=>Bryant\,\ John
Bui\,\ Tin\,\ 1928-=>Bùi\,\ Tín\,\ 1928-
Pam\ Bullard=>Bullard\,\ Pam
Bunker\,\ Ellsworth\,\ 1894-=>Bunker\,\ Ellsworth\,\ 1894-1984
Hayes\ Burnett=>Burnett\,\ Hayes
Burton\,\ Dan=>Burton\,\ Dan\,\ 1938-
Buscemi\,\ Steve=>Buscemi\,\ Steve\,\ 1958-
Bush\,\ Barbara=>Bush\,\ Barbara\,\ 1925-
Bush\,\ George\ H.W.=>Bush\,\ George\,\ 1924-
Caesar\,\ Shirley=>Caesar\,\ Shirley\,\ 1938-
Callas\,\ Peter=>Callas\,\ Peter\,\ 1952-
Scott\ Camil=>Camil\,\ Scott
Roy\ Campanella\ Jr.\ Henry\ Johnson=>Campanella\,\ Roy\,\ Jr.
Roy\ Campanella\,\ Jr.\ Henry\ Johnson=>Campanella\,\ Roy\,\ Jr.
Campbell\,\ Rev.\ Scott=>Campbell\,\ Scott
Campus\,\ Peter=>Campus\,\ Peter\,\ 1937-
Cao\,\ Van\ Vien=>Cao\,\ Van\ Vien\,\ 1921-2008
Carew\,\ Topper=>Carew\,\ Topper\,\ 1943-
Topper\ Carew=>Carew\,\ Topper\,\ 1943-
Carrillo\,\ Dr.\ Emilio=>Carrillo\,\ Emilio
Carrington\,\ Lord\ Peter=>Carrington\,\ Peter
Carroll\,\ Bishop\ Edward=>Carroll\,\ Edward
Carter\,\ Dr.\ Holly=>Carter\,\ Holly
Carter\,\ Jimmy=>Carter\,\ Jimmy\,\ 1924-
Cass\,\ Melnea=>Cass\,\ Melnea\ A.\ (Melnea\ Agnes)\,\ 1896-1978
Castro\,\ Fidel=>Castro\,\ Fidel\,\ 1926-
Ceesay\,\ Momodou=>Ceesay\,\ Momodou\,\ 1945-
Charles\,\ Prince\ of\ Wales=>Charles\,\ Prince\ of\ Wales\,\ 1948-
Chase\,\ Leroy=>Chase\,\ Leroy\ B.
Chicago\,\ Judy=>Chicago\,\ Judy\,\ 1939-
Clark\,\ Dr.\ Kenneth=>Clark\,\ Kenneth\ Bancroft\,\ 1914-2005
Clifton\,\ Lucille=>Clifton\,\ Lucille\,\ 1936-2010
Lloyd\ Cogell=>Cogell\,\ Lloyd
Coles\,\ Charles\ &quot;˜Honi'=>Coles\,\ Honi\,\ 1911-1992
Lucien\ Conein=>Conein\,\ Lucien
Conte\,\ Silvio=>Conte\,\ Silvio\ O.\ (Silvio\ Ottavio)\,\ 1921-1991
Jim\ Cooper=>Cooper\,\ Jim
Cosby\,\ Bill=>Cosby\,\ Bill\,\ 1937-
David\ Crippens=>Crippens\,\ David
June\ Cross=>Cross\,\ June
Barry\ Cunningham=>Cunningham\,\ Barry
Cuomo\,\ Mario=>Cuomo\,\ Mario\ Matthew
Stephen\ Curwood=>Curwood\,\ Stephen
Lee\ Daniels=>Daniels\,\ Lee
David\ DeBarger=>De\ Barger\,\ David
Paul\ deGive=>de\ Give\,\ Paul
deGive\,\ Paul=>de\ Give\,\ Paul
Beth\ Deare=>Deere\,\ Beth\,\ 1952-
Beth\ Deere=>Deere\,\ Beth\,\ 1952-
Deare\,\ Beth=>Deere\,\ Beth\,\ 1952-
Dershowitz\,\ Dr.\ Alan=>Dershowitz\,\ Alan\ M.
Eduardo\ Diaz=>Diaz\,\ Eduardo
DiGrazia\,\ Robert=>DiGrazia\,\ Robert\ J.
Do\ Cao\ Tri=>Do\,\ Cao\ Tri
Do\ Cau\ Tri=>Do\,\ Cao\ Tri
Dole\,\ Robert=>Dole\,\ Robert\ J.\,\ 1923-
Drupsteen\,\ Jaap=>Drupsteen\,\ Jaap\,\ 1942-
Dukakis\,\ Michael=>Dukakis\,\ Michael\ S.\ (Michael\ Stanley)\,\ 1933-
Duke\,\ David=>Duke\,\ David\ Ernest
Duke\,\ David\ E=>Duke\,\ David\ Ernest
Dunn\,\ Douglas=>Dunn\,\ Douglas\,\ 1942-
Duong\,\ Van\ Khang\,\ Madame=>Duong\,\ Van\ Khang\,\ Mme.
Duong\ Van\ Minh\,\ 1916-=>Dương\,\ Văn\ Minh\,\ 1916-
Durbrow\,\ Eldridge\,\ 1903-=>Durbrow\,\ Elbridge\,\ 1903-
Durley\,\ Dr.\ Gerald=>Durley\,\ Gerald
Lovell\ Dyett=>Dyett\,\ Lovell
Eisenberg\,Daniel=>Eisenberg\,\ Daniel
Elizabeth\ II\,\ Queen\ of\ England=>Elizabeth\ II\,\ Queen\ of\ Great\ Britain\,\ 1926-
Ely\,\ Paul\,\ b.\ 1897=>Ely\,\ Paul\,\ b.1897
Emelianoff\,\ Andre=>Emelianoff\,\ André
Enthoven\,\ Alain\ C.=>Enthoven\,\ Alain\ C.\,\ 1930-
Erganian\,\ Leslie=>Erganian\,\ Leslie\,\ 1957-
Espada\,\ Martin=>Espada\,\ Martín\,\ 1957-
Farmer\,\ James=>Farmer\,\ James\,\ 1920-
Feingold\,\ Ken=>Feingold\,\ Ken\,\ 1952-
Feinstein\,\ Diane=>Feinstein\,\ Dianne\,\ 1933-
James\ Field=>Field\,\ James
Carmen\ Fields=>Fields\,\ Carmen
Finnegan\ \,\ David\ I.=>Finnegan\,\ David
Fisher\,\ M.\ F.\ K.=>Fisher\,\ M.\ F.\ K.\ (Mary\ Frances\ Kennedy)\,\ 1908-1992
Flake\,\ Rev.\ Floyd=>Flake\,\ Floyd
Sam\ Fleming=>Fleming\,\ Sam
Leah\ Fletcher=>Fletcher\,\ Leah
Floyd\,\ Margaret=>Floyd\,\ Margaret\ Henderson
Flynn\,\ Raymond=>Flynn\,\ Raymond\ L.
Ford\,\ Gerald=>Ford\,\ Gerald\ R.\,\ 1913-2006
Ford\,\ O'Neil=>Ford\,\ O'Neil\,\ 1905-1982
Foreman\,\ Richard=>Foreman\,\ Richard\,\ 1937-
Foss\,\ Lukas=>Foss\,\ Lukas\,\ 1922-2009
Alan\ Foster=>Foster\,\ Alan
Foster\,\ Dr.\ Badi=>Foster\,\ Badí
Fowler\,\ John\ &quot;Bud&quot;=>Fowler\,\ John\ "Bud"
Elliot\ Francis=>Francis\,\ Elliot
Frank\,\ Barney=>Frank\,\ Barney\,\ 1940-
Frank\,\ Dr.\ Deborah=>Frank\,\ Deborah
Frazier\,\ Dr.\ Patricia=>Frazier\,\ Patricia
Galbraith\,\ John\ Kenneth\,\ 1908-=>Galbraith\,\ John\ Kenneth\,\ 1908-2006
Gallois\,\ Pierre\ Marie=>Gallois\,\ Pierre\ Marie\,\ 1911-
Galvin\,\ William=>Galvin\,\ William\ Francis
Garrity\,\ W.\ Arthur\ Jr.=>Garrity\,\ W.\ Arthur\ (Wendell\ Arthur)\,\ 1920-1999
Garrity\,\ W.\ Arthur\,\ Jr.=>Garrity\,\ W.\ Arthur\ (Wendell\ Arthur)\,\ 1920-1999
Garvey\,\ Marcus=>Garvey\,\ Marcus\,\ 1887-1940
Geller\,\ Matthew=>Geller\,\ Matthew\,\ 1954-
Christy\ George=>George\,\ Christy
George\ Christy=>George\,\ Christy
Gephardt\,\ Richard=>Gephardt\,\ Richard\ A.\ (Richard\ Andrew)\,\ 1941-
Ginsberg\,\ Allen=>Ginsberg\,\ Allen\,\ 1926-1997
Giovanni\,\ Yolande\ Cornelia\ (&quot;Nikki&quot;)=>Giovanni\,\ Yolande\ Cornelia\ ("Nikki")
Glenn\,\ Dr.\ Charles=>Glenn\,\ Charles
Golani-Erdesz\,\ Rivka=>Golani-Erdesz\,\ Rivka\,\ 1946-
Goldberg\,\ Dr.\ Herman=>Goldberg\,\ Herman
Gonzalez-Thornell\,\ Consuelo=>Gonzales-Thornell\,\ Consuelo
Goodpaster\,\ Andrew\ Jackson=>Goodpaster\,\ Andrew\ Jackson\,\ 1915-2005
Gore\,\ Tipper=>Gore\,\ Tipper\,\ 1948-
Gorewitz\,\ Shalom=>Gorewitz\,\ Shalom\,\ 1949-
Graham\,\ Carl\ &quot;Duke&quot;=>Graham\,\ Carl\ "Duke"
Grandmaison\,\ Joe=>Grandmaison\,\ Jacques\ Joseph\,\ 1943-
Gray\,\ Spalding=>Gray\,\ Spalding\,\ 1941-2004
Gary\ Griffith=>Griffith\,\ Gary
Guerrero\,\ Dr.\ Rodrigo=>Guerrero\,\ Rodrigo
Guinier\,\ Dr.\ Ewart=>Guinier\,\ Ewart
Gulliver\,\ Dr.\ Adelaide\ C.=>Gulliver\,\ Adelaide\ C.
Hagedron\,\ Jessica=>Hagedorn\,\ Jessica
Hampton\,\ Henry=>Hampton\,\ Henry\,\ 1940-1998
Hancock\,\ Herbie=>Hancock\,\ Herbie\,\ 1940-
Hansberry\,\ Lorraine=>Hansberry\,\ Lorraine\,\ 1930-1965
Thomas\ Hardy=>Hardy\,\ Thomas
Harriman\,\ W.\ Averell\ (William\ Averell)=>Harriman\,\ W.\ Averell\ (William\ Averell)\,\ 1891-1986
Harris\,\ Barbara=>Harris\,\ Barbara\ C.\ (Barbara\ Clementine)
Gail\ Harris=>Harris\,\ Gail
Hart\,\ Gary=>Hart\,\ Gary\,\ 1936-
Hart\,\ Dr.\ Philip=>Hart\,\ Philip
Hartenberger\,\ J.\ Russell=>Hartenberger\,\ Russell
John\ Hashimoto=>Hashimoto\,\ John
Hayes\,\ Roland=>Hayes\,\ Roland\,\ 1887-1977
Haynes\,\ Rev.\ Michael=>Haynes\,\ Michael
Heaney\,\ Seamus=>Heaney\,\ Seamus\,\ 1939-
Heseltine\,\ Michael=>Heseltine\,\ Michael\,\ 1933-
Hicks\,\ Louise\ Day=>Hicks\,\ Louise\ Day\,\ 1916-2003
Rebecca\ Hill=>Hill\,\ Rebecca
Eric\ Himes=>Himes\,\ Eric
Hò̂\,\ Chí\ Minh\,\ 1890-1969=>Hồ\,\ Chí\ Minh\,\ 1890-1969.
Hoangu\,\ Duc\ Nha=>Hoang\,\ Duc\ Nha
Hoang\,\ Phu\ Ngoc\ Tuong=>Hoàng\,\ Phủ\ Ngọc\ Tường
Hoang\,\ Quoc\ Viet=>Hoàng\,\ Quó̂c\ Việt
Hoa&amp;#768;ng\,\ Xua&amp;#770;n\ La&amp;#770;m=>Hoàng\,\ Xuân\ Lâm
Hoang\,\ Xuan\ Lam=>Hoàng\,\ Xuân\ Lâm
Karen\ Holmes=>Holmes\,\ Karen
Hooks\,\ Benjamin=>Hooks\,\ Benjamin\ L.\ (Benjamin\ Lawson)\,\ 1925-
Hooks\,\ Dr.\ Benjamin=>Hooks\,\ Benjamin\ L.\ (Benjamin\ Lawson)\,\ 1925-
Hudson\,\ Kenneth=>Hudson\,\ Ken
Hughes\,\ Langston=>Hughes\,\ Langston\,\ 1902-1967
Humphrey\,\ Hubert=>Humphrey\,\ Hubert\ H.\ (Hubert\ Horatio)\,\ 1911-1978
Humphrey\,\ Hubert\,\ 1911-1978=>Humphrey\,\ Hubert\ H.\ (Hubert\ Horatio)\,\ 1911-1978
Howard\ Husock=>Husock\,\ Howard
Hussein\,\ Saddam=>Hussein\,\ Saddam\,\ 1937-2006
Huynh\,\ Van\ Tieng=>Huỳnh\,\ Văn\ Tiểng
Jeanne\ Irwin=>Irwin\,\ Jeanne
Dr.\ Ephraim\ Isaac=>Isaac\,\ Ephraim
Isaac\,\ Dr.\ Ephraim=>Isaac\,\ Ephraim
Ives\,\ David=>Ives\,\ David\ O.
Jackson\,\ Ellen=>Jackson\,\ Ellen\ Swepson
Jackson\,\ Jacqueline=>Jackson\,\ Jacquelyne\ Johnson
Jackson\,\ Jacquelyne\ J.=>Jackson\,\ Jacquelyne\ Johnson
Jackson\,\ Jesse=>Jackson\,\ Jesse\,\ 1941-
Jackson\,\ Jesse\,=>Jackson\,\ Jesse\,\ 1941-
Jackson\,\ Rev.\ Jesse=>Jackson\,\ Jesse\,\ 1941-
Jackson\,\ John\ (musician)=>Jackson\,\ John
Japour\,\ Dr.\ Tony=>Japour\,\ Tony
Jefferson\,\ Dr.\ Mildred=>Jefferson\,\ Mildred
Jha\,\ C.\ S.=>Jha\,\ C.\ S.\ (Chandra\ Shekhar)\,\ 1909-
Snyder\,\ Jimmy\ &quot;the\ Greek&quot;=>Jimmy\,\ the\ Greek
Henry\ Johnson=>Johnson\,\ Henry
Johnson\,\ James\ Weldon=>Johnson\,\ James\ Weldon\,\ 1871-1938
Johnson\,\ Lyndon\ B.=>Johnson\,\ Lyndon\ B.\ (Lyndon\ Baines)\,\ 1908-1973
Johnson\,\ Lyndon.\ B.=>Johnson\,\ Lyndon\ B.\ (Lyndon\ Baines)\,\ 1908-1973
United\ States.\ President\ (1963-1969\ :\ Johnson)=>Johnson\,\ Lyndon\ B.\ (Lyndon\ Baines)\,\ 1908-1973
Johnson\,\ Dr.\ Willard=>Johnson\,\ Willard
Jonas\,\ Joan=>Jonas\,\ Joan\,\ 1936-
Eileen\ Jones=>Jones\,\ Eileen
Marcus\ Jones=>Jones\,\ Marcus
Vicki\ Jones=>Jones\,\ Vickie
Vickie\ Jones=>Jones\,\ Vickie
Kelly\,\ Dr.\ Houston=>Kelly\,\ Houston
Kennedy\,\ Caroline=>Kennedy\,\ Caroline\,\ 1957-
Kennedy\,\ Edward=>Kennedy\,\ Edward\ M.\ (Edward\ Moore)\,\ 1932-2009
Kennedy\,\ John\ F.=>Kennedy\,\ John\ F.\ (John\ Fitzgerald)\,\ 1917-1963
Kennedy\,\ John\ F.\ (John\ Fitzgerald)=>Kennedy\,\ John\ F.\ (John\ Fitzgerald)\,\ 1917-1963
Kennedy\,\ Robert=>Kennedy\,\ Robert\ F.\,\ 1925-1968
Kerry\ John\,\ 1943-=>Kerry\,\ John\,\ 1943-
Kerry\,\ John=>Kerry\,\ John\,\ 1943-
Key\,\ Philip=>Key\,\ Phillip
Kilson\,\ Dr.\ Martin=>Kilson\,\ Martin
King\,\ Coretta\ Scott=>King\,\ Coretta\ Scott\,\ 1927-2006
King\,\ Dr.\ Martin\ Luther\,\ Jr.=>King\,\ Martin\ Luther\,\ Jr.\,\ 1929-1968
King\,\ Martin\ Luther\,=>King\,\ Martin\ Luther\,\ Jr.\,\ 1929-1968
King\,\ Martin\ Luther\,\ Jr.=>King\,\ Martin\ Luther\,\ Jr.\,\ 1929-1968
King\,\ Martin\ Luther\,\ Jr.\,\ 1929-1968.=>King\,\ Martin\ Luther\,\ Jr.\,\ 1929-1968
Kinnell\,\ Galway=>Kinnell\,\ Galway\,\ 1927-
Joe\ Klein=>Klein\,\ Joe
Kosygin\,\ Aleksey\ Nikolayevich\,\ 1904-1980.=>Kosygin\,\ Aleksey\ Nikolayevich\,\ 1904-1980
Krasner\,\ Lee=>Krasner\,\ Lee\,\ 1908-1984
Kunitz\,\ Stanley=>Kunitz\,\ Stanley\,\ 1905-2006
Kurzweil\,\ Raymond=>Kurzweil\,\ Ray
Landsmark\,\ Ted=>Landsmark\,\ Theodore
Joseph\ Laniel=>Laniel\,\ Joseph
Carol\ Lawrence=>Lawrence\,\ Carol
Lawson\,\ Rev.\ Earl=>Lawson\,\ Earl
Le\,\ Lam=>Lê\,\ Lâm\,\ 1952-
Le\,\ Minh\ Dao=>Lê\,\ Minh\ Đảo\,\ 1933-
Lê\ Minh\ Đảo=>Lê\,\ Minh\ Đảo\,\ 1933-
Le\ Van\ Kim=>Lê\,\ Văn\ Kim\,\ 1918-
Le\,\ Van\ Phuc=>Lê\,\ Văn\ Phúc
Lee\,\ Li-Young=>Lee\,\ Li-Young\,\ 1957-
l\ Lehman\,\ Anne\ Holyoke=>Lehman\,\ Anne\ Holyoke
Leuchter\,\ Fred\,\ Jr.=>Leuchter\,\ Fred\ A.
Levine\,\ Philip=>Levine\,\ Philip\,\ 1928-
Lewis\,\ Elma&lt;BR=>Lewis\,\ Elma
Calvin\ Lindsay\ Jr.=>Lindsay\,\ Calvin\,\ Jr.
l\ Linsley\,\ Steve=>Linsley\,\ Steve
Lodge\,\ Henry=>Lodge\,\ Henry\ Cabot\,\ 1902-1985
Lodge\,\ Henry\ Cabot=>Lodge\,\ Henry\ Cabot\,\ 1902-1985
Lukas\,\ J.\ Anthony=>Lukas\,\ J.\ Anthony\,\ 1933-1997
Christopher\ Lydon=>Lydon\,\ Christopher
Lydon\,=>Lydon\,\ Christopher
Lynch\,\ James.\ Jr.=>Lynch\,\ James\,\ Jr.
Lyons\,\ Louis=>Lyons\,\ Louis\ Martin\,\ 1897-1982
Lyons\,\ Louis\ Martin\,\ 1897-=>Lyons\,\ Louis\ Martin\,\ 1897-1982
Macy\,\ W.H.\ [William\ H.]=>Macy\,\ W.H.\ (William\ H.)
Magritte\,\ RenÃ©=>Magritte\,\ René\,\ 1898-1967
Malloy\,\ Ione=>Malloy\,\ Ione\,\ 1931-
Man\ Ray=>Man\ Ray\,\ 1890-1976
Mandela\,\ Nelson=>Mandela\,\ Nelson\,\ 1918-
Alexandra\ Marks=>Marks\,\ Alexandra
Martin\,\ Dr.\ Tony=>Martin\,\ Tony
Masayesva\,\ Victor\,\ Jr.=>Masayesva\,\ Victor
Mbere\,\ Aggrey=>Mbere\,\ Aggrey\ Mxolisi
Mbere\,\ Dr.\ Aggrey=>Mbere\,\ Aggrey\ Mxolisi
McClain\,\ Reverend\ William\ B.=>McClain\,\ William\ B.
McDevitt\,\ Jack=>McDevitt\,\ Jack\,\ 1953-
McGovern\,\ George=>McGovern\,\ George\ S.\ (George\ Stanley)\,\ 1922-
McNamara\,\ Robert\ S.\,\ 1916-=>McNamara\,\ Robert\ S.\,\ 1916-2009
Mello\,\ Arnolfodi\ (Dancer)=>Mello\,\ Arnolfodi
Mello\,\ Arnolfodi\ (Dancer)\ Meyer\,\ Steven=>Mello\,\ Arnolfodi
Janice\ Munnings\ Melton=>Melton\,\ Janice\ Munnings
Joseph\ Mendenhall=>Mendenhall\,\ Joseph
Meyer\,\ Steven=>Meyer\,\ Steve
Millette\,\ Ricardo=>Millet\,\ Ricardo
Mills\,\ Wilbur\ D.\ (Wilbur\ Daigh)\,\ 1909-=>Mills\,\ Wilbur\ D.\ (Wilbur\ Daigh)\,\ 1909-1992
Minagawa\,\ Osamu\ Norton\,\ Chas=>Minagawa\,\ Osamu
Mondale\,\ Walter=>Mondale\,\ Walter\ F.\,\ 1928-
Melvin\ Moore=>Moore\,\ Melvin
Morton\,\ Joe=>Morton\,\ Joe\,\ 1947-
Moulton\,\ Charle=>Moulton\,\ Charles\,\ 1954-
Moulton\,\ Charles=>Moulton\,\ Charles\,\ 1954-
Mountbatten\,\ Lord\ Louis=>Mountbatten\ of\ Burma\,\ Louis\ Mountbatten\,\ Earl\,\ 1900-1979
Mugabe\,\ Robert=>Mugabe\,\ Robert\ Gabriel\,\ 1924-
Mumford\,\ David=>Mumford\,\ David\,\ 1937-
Murdock\,\ Wilbert&lt;br.\ Winnik\,\ Kevin=>Murdock\,\ Wilbert
Dance\ Company\ from\ the\ National\ Center\ for\ African-American\ Artists=>National\ Center\ for\ African-American\ Artists.\ Dance\ Company
Nesson\,\ Charles=>Nesson\,\ Charles\ R.
New\ England\ Conservatory\ Symphony\ Orchestra\,\ The=>New\ England\ Conservatory\ Symphony\ Orchestra
Ngo\ Dinh\ Diem\,\ 1901-1963=>Ngô\,\ Đình\ Diệm\,\ 1901-1963
Ngo\,\ Dinh\ Diem\,\ 1901-1963=>Ngô\,\ Đình\ Diệm\,\ 1901-1963
Ngo\,\ Dinh\ Luyen=>Ngô\,\ Đình\ Luyện\,\ 1914–1990
Ngo\,\ Dinh\ Nhu\,\ 1910-1963=>Ngô\,\ Đình\ Nhu\,\ 1910-1963
Ngo\,\ Dinh\ Nhu\,\ Mme.=>Ngô\,\ Đình\ Nhu\,\ Mme.\,\ 1924-
Ngo\,\ Dinh\ Nhu\,\ Mme.\,\ 1924-=>Ngô\,\ Đình\ Nhu\,\ Mme.\,\ 1924-
Ngô\,\ Đình\ Nhu\,\ Mme.=>Ngô\,\ Đình\ Nhu\,\ Mme.\,\ 1924-
Tran\,\ Le\ Xuan\,\ 1924-=>Ngô\,\ Đình\ Nhu\,\ Mme.\,\ 1924-
Trần\,\ Lệ\ Xuân\,\ 1924-=>Ngô\,\ Đình\ Nhu\,\ Mme.\,\ 1924-
Nguyen\,\ Cao\ Ky=>Nguyễn\,\ Cao\ Kỳ
Nguyẽ̂n\,\ Cao\ Ky=>Nguyễn\,\ Cao\ Kỳ
Nguyen\,\ Co\ Thach\,\ 1921-1998=>Nguyễn\,\ Cơ\ Thạch\,\ 1921-1998
Nguyen\ Dinh\ Thuan=>Nguyen\,\ Dinh\ Thuan
Nguyen\,\ Huu\ Tho\,\ 1910-=>Nguyễn\,\ Hữu\ Thọ\,\ 1910-
Nguyen\ Khanh\,\ 1927-=>Nguyễn\,\ Khánh\,\ 1927-
Nguyen\,\ Khanh=>Nguyễn\,\ Khánh\,\ 1927-
Nguyen\,\ Thi\ Binh\,\ 1927-=>Nguyễn\,\ Thị\ Bình\,\ 1927-
Nguyen\,\ Thi\ Dinh\,\ 1920-=>Nguyễn\,\ Thị\ Định\,\ 1920-
Nguyễn\ Thị\ Rành=>Nguyễn\,\ Thị\ Rành
Nguyen\ Van\ Hinh=>Nguyen\,\ Van\ Hinh
Nguyen\ Van\ Minh=>Nguyen\,\ Van\ Minh
Nguyen\ Van\ Tam=>Nguyen\,\ Van\ Tam
Nguyen\ Van\ Thieu\,\ 1923-=>Nguyễn\,\ Văn\ Thiệu\,\ 1923-2001
Nguyen\ Van\ Thieu\,\ 1923-2001=>Nguyễn\,\ Văn\ Thiệu\,\ 1923-2001
Nixon\,\ Richard\ M.\ (Richard\ Milhous)\ Spellman\,\ A.B.=>Nixon\,\ Richard\ M.\ (Richard\ Milhous)\,\ 1913-1994
Nkunta\,\ Joseph=>Nkunta\,\ Joesph
Noriega\,\ Manuel=>Noriega\,\ Manuel\ Antonio\,\ 1934-
Nurkse\,\ D.=>Nurkse\,\ D.\,\ 1949-
John\ W.\ O'Daniel=>O'Daniel\,\ John\ W.
Odenbach\,\ Marcel=>Odenbach\,\ Marcel\,\ 1953-
Onassis\,\ Jacqueline\ Kennedy=>Onassis\,\ Jacqueline\ Kennedy\,\ 1929-1994
O'Neill\,\ Thomas\ &quot;Tip&quot;=>O'Neill\,\ Tip
O'Neill\,\ Thomas\ (Tip)=>O'Neill\,\ Tip
Onwurah\,\ Ngozi=>Onwurah\,\ Ngozi\ A.
Oppenheimer\,\ Robert=>Oppenheimer\,\ J.\ Robert\,\ 1904-1967
Overbea\,\ Luix=>Overbea\,\ Luix\ V.\ (Luix\ Virgil)
Paik\,\ Nam\ June=>Paik\,\ Nam\ June\,\ 1932-2006
Patterson\,\ Orlando=>Patterson\,\ Orlando\,\ 1940-
Melvin\ Penn=>Penn\,\ Melvin
Perle\,\ Richard\ Norman=>Perle\,\ Richard\ Norman\,\ 1941-
Peters\,\ Dr.\ Lenri=>Peters\,\ Lenri
Pham\ Duy\,\ 1921-=>Phạm\ Duy\,\ 1921-
Pham\,\ Van\ Dong\,\ 1906-2000=>Phạm\,\ Văn\ Đồng\,\ 1906-2000
Pham\,\ Van\ Thu=>Phạm\,\ Văn\ Thư
Jill\ Philipson=>Philipson\,\ Jill
Piene\,\ Otto=>Piene\,\ Otto\,\ 1928-
Pierce\,\ Rudy=>Pierce\,\ Rudolph
Greg\ Pilkington=>Pilkington\,\ Greg
Anthony\ Poshepny=>Poshepny\,\ Anthony
Prothrow-Stith\,\ Deborah=>Prothrow-Stith\,\ Deborah\,\ 1954-
Arthur\ William\ Radford=>Radford\,\ Arthur\ William
Ramirez\,\ Dr.\ Efren=>Ramirez\,\ Efren
Randolph\,\ A.\ Philip=>Randolph\,\ A.\ Philip\ (Asa\ Philip)\,\ 1889-1979
Randolph\,\ Asa\ Philip=>Randolph\,\ A.\ Philip\ (Asa\ Philip)\,\ 1889-1979
Rauschenberg\,\ Robert=>Rauschenberg\,\ Robert\,\ 1925-2008
Reagan\,\ Nancy=>Reagan\,\ Nancy\,\ 1923-
Reddick\,\ Dr.\ Lawrence\ D.=>Reddick\,\ Lawrence\ D.
Reeves\,\ Daniel=>Reeves\,\ Daniel\,\ 1948-
Reich\,\ Robert=>Reich\,\ Robert\ B.
Reid\,\ Dr.\ William=>Reid\,\ William
George\ Rivera=>Rivera\,\ George
Geroge\ Rivera=>Rivera\,\ George
Marita\ Muhammad\ Rivero=>Rivero\,\ Marita
Marita\ Rivero=>Rivero\,\ Marita
James\ Robbins=>Robbins\,\ James
Robinson\,\ Jackie=>Robinson\,\ Jackie\,\ 1919-1972
Rockwell\,\ Norman=>Rockwell\,\ Norman\,\ 1894-1978
Rebecca\ Rollins=>Rollins\,\ Rebecca
Rotblat\,\ Joseph=>Rotblat\,\ Joseph\,\ 1908-2005
James\ Rowe=>Rowe\,\ James
Rowny\,\ Edward\ L.=>Rowny\,\ Edward\ L.\,\ 1917-
Rusk\,\ Dean=>Rusk\,\ Dean\,\ 1909-1994
Russ\ Tillman=>Russell\ Tillman
Rustin\,\ Bayard=>Rustin\,\ Bayard\,\ 1912-1987
Rynard\,\ Susan=>Rynard\,\ Susan\ C.
Rynard\,\ Susan\ C=>Rynard\,\ Susan\ C.
Sadat\,\ Anwar=>Sadat\,\ Anwar\,\ 1918-1981
Sakura\,\ Dr.\ David=>Sakura\,\ David
Eric\ Sampedro=>Sampedro\,\ Eric
Sanchez\,\ Sonia=>Sanchez\,\ Sonia\,\ 1934-
Carolyn\ Sawyer=>Sawyer\,\ Carolyn
Sayles\,\ John\ Shultz\,\ Mary=>Sayles\,\ John
Schmidt\,\ Helmut=>Schmidt\,\ Helmut\,\ 1918\ Dec.\ 23-
Schmu&amp;#776;ckle\,\ Gerd=>Schmückle\,\ Gerd\,\ 1917-
Schmuckle\,\ Gerd=>Schmückle\,\ Gerd\,\ 1917-
Schmuckle\,\ Gerd\,\ 1917-=>Schmückle\,\ Gerd\,\ 1917-
Schur\,\ Dr.\ Peter=>Schur\,\ Peter
Schwantner\,\ Joseph=>Schwantner\,\ Joseph\ C.
Seale\,\ Bobby=>Seale\,\ Bobby\,\ 1936-
Seaman\,\ Bill=>Seaman\,\ William\,\ 1945-
Segalove\,\ Ilene=>Segalove\,\ Ilene\,\ 1950-
Bruce\ Shah=>Shah\,\ Bruce
Shapey\,\ Ralph=>Shapey\,\ Ralph\,\ 1921-2002
Shaw\,\ Robert\ Gould=>Shaw\,\ Robert\ Gould\,\ 1837-1863
Sarah-Ann\ Shaw=>Shaw\,\ Sarah-Ann
Shen\,\ Dr.\ John=>Shen\,\ John
Sherfield\,\ Roger\ Mellor\ Makins\,\ Baron=>Sherfield\,\ Roger\ Mellor\ Makins\,\ Baron\,\ 1904-
Shoup\,\ David\ M.\ (David\ Monroe)\,\ 1904-=>Shoup\,\ David\ M.\ (David\ Monroe)\,\ 1904-1983
Shultz\,\ George=>Shultz\,\ George\ Pratt\,\ 1920-
Silber\,\ John=>Silber\,\ John\,\ 1926-
Simic\,\ Charles=>Simic\,\ Charles\,\ 1938-
Sisulu\,\ Zwelakhe=>Sisulu\,\ Zwelakhe\,\ 1951-
John\ Slade=>Slade\,\ John
Smith\,\ Reverend\ Charles=>Smith\,\ Charles
Snyder\,\ Bob=>Snyder\,\ Bob\,\ 1946-
Solarz\,\ Stephen=>Solarz\,\ Stephen\ J.
Solomons\,\ Gus\,\ Jr.=>Solomons\,\ Gus
Somers\,\ Harry=>Somers\,\ Harry\,\ 1925-1999
Alonzo\ R.\ Speight=>Speight\,\ Alonzo\ R.
A.\ B.\ Spellman=>Spellman\,\ A.\ B.\,\ 1935-
Dighton\ Spooner=>Spooner\,\ Dighton
Spratley\,\ Bill&lt;BR=>Spratley\,\ Bill
Jim\ Spruill=>Spruill\,\ Jimmy
Spruill\,\ Jim=>Spruill\,\ Jimmy
Steinberg\,\ Dr.\ Judith=>Steinberg\,\ Judith
Stevenson\,\ Adlai\ E.\ (Adlai\ Ewing)\,\ 1835-1914=>Stevenson\,\ Adlai\ E.\ (Adlai\ Ewing)\,\ 1900-1965
Judy\ Stoia=>Stoia\,\ Judy
Strand\,\ Paul=>Strand\,\ Paul\,\ 1890-1976
Charles\ C.\ Stuart=>Stuart\,\ Charles\ C.
Stuart\,\ Charles=>Stuart\,\ Charles\ C.
Harold\ Stuart=>Stuart\,\ Harold
Sullivan\,\ Dr.\ Louis=>Sullivan\,\ Louis
Sununu\,\ John=>Sununu\,\ John\ H.
Tappen\,\ Olivia=>Tappan\,\ Olivia
Taylor\,\ Dr.\ Jeanne=>Taylor\,\ Jeanne
Taylor\,\ Maxwell\ D.\ (Maxwell\ Davenport)=>Taylor\,\ Maxwell\ D.\ (Maxwell\ Davenport)\,\ 1901-1987
Hisaichi\ Terauchi=>Terauchi\,\ Hisaichi\,\ 1879-1946
Themmen\,\ Ivana=>Themmen\,\ Ivana\ Marburger
Thomas\,\ Rev.\ George=>Thomas\,\ George
John\ Thorne=>Thorne\,\ John
Thu\,\ Van=>Thu\ Vân
Till-Mobley\,\ Mamie=>Till-Mobley\,\ Mamie\,\ d.\ 2003
Timerbaev\,\ R.\ M.=>Timerbaev\,\ R.\ M.\ (Roland\ Makhmutovich)
Timilty\,\ Joseph=>Timilty\,\ Joseph\ F.
Tong\,\ May\ Ling&lt;BR=>Tong\,\ May\ Ling
Ton-That\,\ Tung=>Tôn-Thất\,\ Tùng
Ivette\ Torres=>Torres\,\ Ivette
Tower\,\ Joan=>Tower\,\ Joan\,\ 1938-
Tran\,\ Do=>Trần\,\ Độ
Tran\ Van\ Chuong=>Tran\,\ Van\ Chuong
Tran\,\ Van\ Don=>Trần\,\ Văn\ Đôn\,\ 1917-
Tran\ Van\ Huong=>Tran\,\ Van\ Huong
Tran\ Van\ Minh=>Tran\,\ Van\ Minh
Tran\,\ Van\ Nhut\ 1935-=>Trần\,\ Văn\ Nhựt\,\ 1935-
Trần\ Văn\ Trà=>Trần\,\ Văn\ Trà
Trisler\,\ Joyce=>Trisler\,\ Joyce\,\ 1934-1979
Trofimenko\,\ G.\ A.=>Trofimenko\,\ G.\ A.\ (Genrikh\ Aleksandrovich)
Truman\,\ Harry\,\ 1884-1972=>Truman\,\ Harry\ S.\,\ 1884-1972
Uelsmann\,\ Jerry=>Uelsmann\,\ Jerry\,\ 1934-
Meg\ Vaillancourt=>Vaillancourt\,\ Meg
Mario\ de\ Valdes\ y\ Cocom=>Valdes\ y\ Cocom\,\ Mario\ de
Mario\ Valdes=>Valdes\,\ Mario
Vance\,\ Cyrus=>Vance\,\ Cyrus\ R.\ (Cyrus\ Roberts)\,\ 1917-2002
Vasulka\,\ Woody=>Vasulka\,\ Woody\,\ 1937-
Velez.\ Edin=>Velez\,\ Edin
Viola\,\ Bill=>Viola\,\ Bill\,\ 1951-
Jan\ von\ Mehren=>von\ Mehren\,\ Jan
Vũ\ Văn\ Mẫu=>Vũ\,\ Văn\ Mã̂u
Vũ\,\ Văn\ Mã̂u=>Vũ\,\ Văn\ Mã̂u
Carolyn\ Walden=>Walden\,\ Carolyn
Deborah\ Wang=>Wang\,\ Deborah
Ward\,\ Barbara\,\ 1914-=>Ward\,\ Barbara\,\ 1914-1981
Warren\,\ Robert\ Penn=>Warren\,\ Robert\ Penn\,\ 1905-1989
Washington\,\ Harold=>Washington\,\ Harold\,\ 1922-1987
Weidenaar\,\ Reynold=>Weidenaar\,\ Reynold\,\ 1945-
Weinberger\,\ Casper=>Weinberger\,\ Caspar\ W.
Weld\,\ William=>Weld\,\ William\ F.
Westmoreland\,\ William\ C.\ (William\ Childs)=>Westmoreland\,\ William\ C.\ (William\ Childs)\,\ 1914-2005
Weston\,\ Randy=>Weston\,\ Randy\,\ 1926-
Fritz\ Wetherbee=>Wetherbee\,\ Fritz
Weyand\,\ Fred\ C.\ (Frederick\ Carlton)\,\ 1916-=>Weyand\,\ Fred\ C.\ (Fred\ Carlton)\,\ 1916-2010
Whistler\,\ James\ McNeill=>Whistler\,\ James\ McNeill\,\ 1834-1903
Conrad\ White=>White\,\ Conrad
White\,\ Kevin=>White\,\ Kevin\ H.
White\,\ Dr.\ Ronald=>White\,\ Ronald
Wilkins\,\ Roy=>Wilkins\,\ Roy\,\ 1901-1981
David\ Williams=>Williams\,\ David
Wilson\,\ Dr.\ Laval=>Wilson\,\ Laval
Evelyn\ Wong=>Wong\,\ Evelyn
Wood\,\ Dr.\ Virgil=>Wood\,\ Virgil
X\,\ Malcolm=>X\,\ Malcolm\,\ 1925-1965
Eileen\ Yang=>Yang\,\ Eileen
Young\,\ Andrew\ (II)=>Young\,\ Andrew\,\ II
Zane\,\ Arnie=>Zane\,\ Arnie\,\ 1948-1988
Zorn\,\ John=>Zorn\,\ John\,\ 1953-
Zukofsky\,\ Louis=>Zukofsky\,\ Louis\,\ 1904-1978
A\ Shau\ Valley=>A\ Shau\ Valley\ (Vietnam)
Afghanistan\ (nation)=>Afghanistan
Alaska\ (state)=>Alaska
Albania\ (nation)=>Albania
Algeria\ (nation)=>Algeria
An\ Lôc\ (inhabited\ place)=>An\ Lôc\ (Vietnam)
An\ Phu=>An\ Phu\ (Vietnam)
An\ Túc\ (inhabited\ place)=>An\ Túc\ (Vietnam)
Angkor\ (deserted\ settlement)=>Angkor\ (Extinct\ City)
Angola\ (nation)=>Angola
Annam\ (historical\ region)=>Annam
Annamite\ Range=>Annamite\ Range\ (Indochina)
Anzio\ (inhabited\ place)=>Anzio\ (Italy)
Ardennes\ (general\ region)=>Ardennes
Argentina\ (nation)=>Argentina
Asia\ (continent)=>Asia
Aswān\ (governorate)=>Aswān\ (Egypt\ :\ Province)
Athens\,\ GA=>Athens\ (Ga.)
Atlanta\ (Georgia)=>Atlanta\ (Ga.)
Atlanta\ (inhabited\ place)=>Atlanta\ (Ga.)
Atlanta\,\ GA=>Atlanta\ (Ga.)
Atlanta\,\ Georgia=>Atlanta\ (Ga.)
Austin=>Austin\ (Tex.)
Azerbaijan\ (nation)=>Azerbaijan
Ba\,\ Sông\ (river)=>Ba\ River\ (Vietnam)
Bac\ Kan\ (inhabited\ place)=>Bac\ Kan\ (Vietnam)
Bạc\ Liêu=>Bạc\ Liêu\ (Vietnam)
Bắc\ Ninh\ (inhabited\ place)=>Bắc\ Ninh\ (Vietnam)
Bắc\ Phần\ (general\ region)=>Bắc\ Phần\ (Vietnam)
Bach\ Dang\,\ Vietnam=>Bach\ Dang\ (Vietnam)
Bangkok\ (inhabited\ place)=>Bangkok\ (Thailand)
Bangladesh\ (nation)=>Bangladesh
Bătdâmbâng\ (inhabited\ place)=>Bătdâmbâng\ (Cambodia)
Beijing=>Beijing\ (China)
Belgrade\ (inhabited\ place)=>Belgrade\ (Serbia)
Ben\ Hai\,\ Vietnam=>Ben\ Hai\ (Vietnam)
Ben\ Suc\,\ Vietnam=>Ben\ Suc\ (Vietnam)
Bến\ Thủy\ (inhabited\ place)=>Bến\ Thủy\ (Vietnam)
Bến\ Tre\,\ Tỉnh\ (province)=>Bến\ Tre\ (Vietnam\ :\ Province)
Berkeley\ (inhabited\ place)=>Berkeley\ (Calif.)
Berlin=>Berlin\ (Germany)
Beverly\ Hills\ (inhabited\ place)=>Beverly\ Hills\ (Calif.)
Biên\ Hòa=>Biên\ Hòa\ (Vietnam)
Bien\ Hoa\ (South\ Vietnam)=>Biên\ Hòa\ (Vietnam)
Binh\ Dai=>Binh\ Dai\ (Vietnam)
Bình\ Gia\ (inhabited\ place)=>Binh\ Gia\ (Vietnam)
Binh\ Long=>Binh\ Long\ (Vietnam)
Bình\ Sỏn\ (inhabited\ place)=>Bình\ Sỏn\ (Vietnam)
Bình\ Trị\ Thiên\,\ Tỉnh\ (province)=>Bình\ Trị\ Thiên\ (Vietnam\ :\ Province)
Birmingham=>Birmingham\ (Ala.)
Bolling\ Air\ Force\ Base\,\ Washington\,\ DC=>Bolling\ Air\ Force\ Base\ (Washington\,\ D.C.)
Bologna\ (inhabited\ place)=>Bologna\ (Italy)
Boston=>Boston\ (Mass.)
Boston\ College\,\ Boston\,\ Massachusetts=>Boston\ College
Brazil\ (nation)=>Brazil
Brooklyn\,\ New\ York=>Brooklyn\ (New\ York\,\ N.Y.)
Bulgaria\ (nation)=>Bulgaria
Buon\ Ma\ Thuot\ Airport=>Buôn\ Mê\ Thuột\ Airport
Cà\ Mau\ (inhabited\ place)=>Cà\ Mau\ (Vietnam)
Cái\ Bè=>Cái\ Bè\ (Vietnam)
Cai\ Lậy\ District=>Cai\ Lậy\ (Vietnam\ :\ District)
Calcutta\ (inhabited\ place)=>Calcutta\ (India)
Cam\ Ne\,\ Vietnam=>Cam\ Ne\ (Vietnam)
Vinh\ Cam\ Ranh\ (bay)=>Cam\ Ranh\ (Vietnam)
Cambridge\ (inhabited\ place)=>Cambridge\ (Mass.)
Cambridge\,\ Mass.=>Cambridge\ (Mass.)
Canada\ (nation)=>Canada
Cao\ Bằng\,\ Tỉnh\ (province)=>Cao\ Bằng\ (Vietnam\ :\ Province)
Charlestown\,\ (Boston\,\ Mass.)=>Charlestown\ (Boston\,\ Mass.)
Chi\ Hoa=>Chi\ Hoa\ (Vietnam)
Chicago=>Chicago\ (Ill.)
Chittagong\ (inhabited\ place)=>Chittagong\ (Bangladesh)
Chongqing\ (inhabited\ place)=>Chongqing\ (China)
Xa\ Loi\ Pagoda=>Chùa\ Xá\ Lợi\ (Ho\ Chi\ Minh\ City\,\ Vietnam)
Cleveland=>Cleveland\ (Ohio)
Côn\ Đảo\ (island)=>Côn\ Đảo\ (Vietnam\ :\ Island)
Con\ Thien=>Con\ Thien\ (Vietnam)
Copenhagen\ (inhabited\ place)=>Copenhagen\ (Denmark)
Azur\,\ Côte\ d'=>Côte\ d'Azur\ (France)
Council\ Bluffs=>Council\ Bluffs\ (Iowa)
Czechoslovakia\ (general\ region)=>Czechoslovakia
Đà\ Lạt\ (inhabited\ place)=>Đà\ Lạt\ (Vietnam)
Đà\ Nẵng=>Đà\ Nẵng\ (Vietnam)
Da\ Nang\,\ South\ Vietnam=>Đà\ Nẵng\ (Vietnam)
Ḍắc\ Lắc\,\ Tỉnh\ (province)=>Đá̆c\ Lá̆c\ (Vietnam)
Dau\ Tieng=>Dau\ Tieng\ (Vietnam)
Denver=>Denver\ (Colo.)
Des\ Moines=>Des\ Moines\ (Iowa)
Detroit\ (inhabited\ place)=>Detroit\ (Mich.)
Third\ World\ (group\ of\ nations/states/cities)=>Developing\ countries
Dien\ Ban=>Dien\ Ban\ (Vietnam)
Diện\ Biên\ Phủ\ (inhabited\ place)=>Điện\ Biên\ Phủ\ (Vietnam)
Dien\ Bien\ Phu\ (Vietnam)=>Điện\ Biên\ Phủ\ (Vietnam)
Dien\ Bien\ Phu\,\ Vietnam=>Điện\ Biên\ Phủ\ (Vietnam)
Dien\ Tho\,\ Vietnam=>Dien\ Tho\ (Vietnam)
Dong\ Du=>Dong\ Du\ (Vietnam)
Dong\ Ha\ (Vietnam)=>Đông\ Hà\ (Vietnam)
Dong\ Ha\,\ Vietnam=>Đông\ Hà\ (Vietnam)
Đông\ Hai\ (inhabited\ place)=>Đông\ Hai\ (Vietnam)
Đồng\ Xoài=>Đồng\ Xoài\ (Vietnam)
Drang=>Drang\ River\ (Vietnam)
Drang\ (river)=>Drang\ River\ (Vietnam)
Dunkirk\ (inhabited\ place)=>Dunkerque\ (France)
England\ (country)=>England
Europe\ (continent)=>Europe
Evanston\ (inhabited\ place)=>Evanston\ (Ill.)
Suomi\ (nation)=>Finland
Florida\ (state)=>Florida
Fontainebleau\ (inhabited\ place)=>Fontainebleau\ (France)
Frederick\ (inhabited\ place)=>Frederick\ (Md.)
Fresno\ (inhabited\ place)=>Fresno\ (Calif.)
Fullerton\ (inhabited\ place)=>Fullerton\ (Calif.)
Fulton\ (inhabited\ place)=>Fulton\ (Mo.)
Galveston\ (inhabited\ place)=>Galveston\ (Tex.)
Geneva=>Geneva\ (Switzerland)
Georgia\ (state)=>Georgia
Germany\ (nation)=>Germany
Gia\ Định\ (inhabited\ place)=>Gia\ Định\ (Vietnam)
Gia\ Lai-Kon\ Tum\,\ Tỉnh\ (province)=>Gia\ Lai-Kon\ Tum\ (Vietnam\ :\ Province)
Gia\ Lam\ Airbase=>Gia\ Lam\ Airbase\ (Vietnam)
Gia\ Rai\ (inhabited\ place)=>Gia\ Rai\ (Vietnam)
Giang\,\ Sông\ (river)=>Giang\ (Vietnam\ :\ Rivera)
Glassboro\ (inhabited\ place)=>Glassboro\ (N.J.)
Go\ Dau\ Ha\ Naval\ Base\,\ Vietnam=>Go\ Dau\ Ha\ Naval\ Base\ (Vietnam)
Godaha\,\ South\ Vietnam=>Godaha\ (Vietnam)
United\ Kingdom=>Great\ Britain
United\ Kingdom\ (nation)=>Great\ Britain
Greece\ (nation)=>Greece
Guam\ (dependent\ state)=>Guam
Guatemala\ (nation)=>Guatemala
Hà\ Đông\ (inhabited\ place)=>Hà\ Đông\ (Vietnam)
Hải\ Dủỏng\ (inhabited\ place)=>Hải\ Dủỏng\ (Vietnam)
Hải\ Phòng=>Haiphong\ (Vietnam)
Ham\ Nghi\,\ South\ Vietnam=>Ham\ Nghi\ (Vietnam)
Harvard\ Square\ (park)=>Harvard\ Square\ (Cambridge\,\ Mass.)
Hau\ Bon\ (inhabited\ place)=>Hau\ Bon\ (Vietnam)
Hawaii\ (state)=>Hawaii
Helsinki\ (inhabited\ place)=>Helsinki\ (Finland)
Hiroshima\ (inhabited\ place)=>Hiroshima-shi\ (Japan)
Ho\ Chi\ Minh\ City\,\ Vietnam;\ Saigon\,\ Vietnam=>Ho\ Chi\ Minh\ City\ (Vietnam)
Saigon\ (South\ Vietnam)=>Ho\ Chi\ Minh\ City\ (Vietnam)
Saigon\,\ South\ Vietnam=>Ho\ Chi\ Minh\ City\ (Vietnam)
Saigon\,\ South\ Vietnam;\ Bien\ Hoa\,\ South\ Vietnam=>Ho\ Chi\ Minh\ City\ (Vietnam)
Saigon\,\ South\ Vietnam;\ Mekong\ Delta\,\ South\ Vietnam=>Ho\ Chi\ Minh\ City\ (Vietnam)
Thành\ Phố\ Hồ\ Chí\ Minh=>Ho\ Chi\ Minh\ City\ (Vietnam)
Vinh\ Linh\ (inhabited\ place)=>Hồ\ Xá\ (Vietnam)
Hòa\ Bình\ (inhabited\ place)=>Hòa\ Bình\ (Vietnam)
Hóa\ Tiến=>Hóa\ Tiến\ (Vietnam)
Hòa\ Vang\ District=>Hòa\ Vang\ (Vietnam\ :\ District)
Hội\ An=>Hội\ An\ (Vietnam)
Hội\ An\ (inhabited\ place)=>Hội\ An\ (Vietnam)
Hollywood\ (neighborhood)=>Hollywood\ (Los\ Angeles\,\ Calif.)
Hong\ Gai\,\ Vietnam=>Hồng\ Gai\ (Vietnam)
Hong\ Kong=>Hong\ Kong\ (China)
Honolulu=>Honolulu\ (Hawaii)
Houston\ (inhabited\ place)=>Houston\ (Tex.)
(Near)\ Hue\,\ Vietnam=>Huế\ (Vietnam)
Hué=>Huế\ (Vietnam)
Hủng\ Yên\ (inhabited\ place)=>Hủng\ Yên\ (Vietnam)
Huntsville=>Huntsville\ (Ala.)
Hủỏng\ Hóa\ (inhabited\ place)=>Hủỏng\ Hóa\ (Vietnam)
Hủỏng\ Thũy\ (inhabited\ place)=>Hủỏng\ Thũy\ (Vietnam)
Illinois\ (state)=>Illinois
Independence\ (inhabited\ place)=>Independence\ (Mo.)
Indiana\ (state)=>Indiana
Iran\ (nation)=>Iran
Israel\ (nation)=>Israel
Italy\ (nation)=>Italy
Iō-jima\ (island)=>Iwo\ Jima\ (Volcano\ Islands\,\ Japan)
Jacksonville\ (inhabited\ place)=>Jacksonville\ (Fla.)
Kâmpóng\ Cham\ (inhabited\ place)=>Kâmpóng\ Cham\ (Cambodia)
Kâmpóng\ Cham\ (province)=>Kâmpóng\ Cham\ (Cambodia)
Kâmpóng\ Saôm\ (inhabited\ place)=>Kâmpóng\ Saôm\ (Cambodia\ :\ Srǒk)
Kampong\ Seila\ District=>Kampong\ Seila\ (Cambodia\ :\ District)
Karāchi\ (inhabited\ place)=>Karachi\ (Pakistan)
Florida\ White\ House\,\ Key\ Biscayne\,\ FL=>Key\ Biscayne\ (Fla.)
Key\ Biscayne\,\ FL=>Key\ Biscayne\ (Fla.)
Khánh\ Hủng=>Khánh\ Hủng\ (Vietnam)
Kinh\ thành\ Huế\ (Huế\,\ Vietnam)=>Kinh\ thành\ Huế\ (Huế\,\ Vietnam)
Kon\ Tum\ (inhabited\ place)=>Kon\ Tum\ (Vietnam)
Kon\ Tum\ City\,\ Vietnam=>Kon\ Tum\ (Vietnam)
Korat\ Royal\ Thai\ Air\ Force\ Base=>Korat\ Royal\ Thai\ Air\ Force\ Base\ (Thailand)
Kunming\ (inhabited\ place)=>Kunming\ Shi\ (China)
La\ Tuna\ (inhabited\ place)=>La\ Tuna\ (Tex.)
Lambert\ (inhabited\ place)=>Lambert\ (Miss.)
Lang\ Son\ (and\ en\ route\ to)\,\ Vietnam=>Lạng\ Sơn\ (Vietnam\ :\ Province)
Lạng\ Sỏn\,\ Tỉnh\ (inhabited\ place)=>Lạng\ Sơn\ (Vietnam\ :\ Province)
Long\ Sơn=>Lạng\ Sơn\ (Vietnam\ :\ Province)
Langley\ (inhabited\ place)=>Langley\ (Va.)
Latin\ America\ (general\ region)=>Latin\ America
Le\ My\,\ New\ Da\ Nang\,\ Vietnam=>Le\ My\ (Vietnam)
Lộc\ Ninh\ (inhabited\ place)=>Lộc\ Ninh\ (iVietnam)
London=>London\ (England)
London\,\ UK=>London\ (England)
Long\ Binh\,\ Vietnam=>Long\ Bình\ (Đồng\ Nai\,\ Vietnam)
Long\ Dien=>Long\ Dien\ (Vietnam)
Long\ Island\ (island)=>Long\ Island\ (N.Y.)
Long\ Tieng=>Long\ Tieng\ (Vietnam)
Long-Xuyên\ (inhabited\ place)=>Long-Xuyên\ (Vietnam)
Los\ Angeles\,\ California=>Los\ Angeles\ (Calif.)
Louangphrabang\ (inhabited\ place)=>Louangphrabang\ (Laos)
Louisiana\ (state)=>Louisiana
Madison\ Square\ Garden=>Madison\ Square\ Garden\ (New\ York\,\ N.Y.)
Mai\ Son=>Mai\ Son\ (Vietnam)
Manchester\ (inhabited\ place)=>Manchester\ (N.H.)
Manchow\ (general\ region)=>Manchuria\ (China)
Manchuria\ (general\ region)=>Manchuria\ (China)
Manila=>Manila\ (Philippines)
Marseilles\ (inhabited\ place)=>Marseille\ (France)
Maryland\ (state)=>Maryland
Massachusetts\ (state)=>Massachusetts
Mekong\ Delta\ (Vietnam)=>Mekong\ River\ Delta\ (Vietnam\ and\ Cambodia)
Mekong\ Delta\,\ Vietnam=>Mekong\ River\ Delta\ (Vietnam\ and\ Cambodia)
Miami\ Beach\,\ FL=>Miami\ Beach\ (Fla.)
Midway\ Islands\ (possession)=>Midway\ Islands
Minh\ Hải\,\ Tỉnh\ (province)=>Minh\ Hải\ (Vietnam\ :\ Province)
Minneapolis\,\ MN=>Minneapolis\ (Minn.)
Mississippi\ (state)=>Mississippi
Mö\ Cày\ (inhabited\ place)=>Mö\ Cày\ (Vietnam)
Montana\ (state)=>Montana
Moscow=>Moscow\ (Russia)
Moscow\,\ Russia=>Moscow\ (Russia)
Muang\ Xépôn\ (inhabited\ place)=>Muang\ Xépôn\ (Laos)
Munich\ (inhabited\ place)=>Munich\ (Germany)
Munich\,\ Germany=>Munich\ (Germany)
Mỹ\ Tho\ (inhabited\ place)=>Mỹ\ Tho\ (Vietnam)
Myanmar\ (nation)=>Myanmar
Nagasaki\ (inhabited\ place)=>Nagasaki-shi\ (Japan)
Nakhon\ Phanom\ Royal\ Thai\ Navy\ Base=>Nakhon\ Phanom\ Royal\ Thai\ Navy\ Base\ (Thailand)
Nam\ Dinh\,\ North\ Vietnam=>Nam\ Dinh\ (Vietnam)
Nam\ Định\ (inhabited\ place)=>Nam\ Định\ (Vietnam)
Neak\ Leung=>Neak\ Leung\ (Cambodia)
Nebraska\ (state)=>Nebraska
New\ Caledonia\ (dependent\ state)=>New\ Caledonia
New\ Delhi\,\ India=>New\ Delhi\ (India)
New\ England\ (general\ region)=>New\ England
New\ Hampshire\ (state)=>New\ Hampshire
New\ Haven=>New\ Haven\ (Conn.)
New\ York\ (state)=>New\ York
New\ York\ City\,\ NY=>New\ York\ (N.Y.)
New\ Zealand\ (nation)=>New\ Zealand
Nghĩa\ Bình\,\ Tỉnh\ (province)=>Nghĩa\ Bình\ (Vietnam\ :\ Province)
Nghĩa\ Hành\ (inhabited\ place)=>Nghĩa\ Hành\ (Vietnam)
Ngu\ Binh=>Ngu\ Binh\ (Vietnam)
Nha\ Trang\ (inhabited\ place)=>Nha\ Trang\ (Vietnam)
Niagara\ Falls\ (waterfall)=>Niagara\ Falls\ (N.Y.\ and\ Ont.)
Nicaragua\ (nation)=>Nicaragua
Ninh\ Hòa\ (inhabited\ place)=>Ninh\ Hòa\ (Vietnam)
North\ Africa\ (general\ region)=>North\ Africa
North\ Korea\ (nation)=>North\ Korea
Northern\ Ireland\ (country)=>Northern\ Ireland
Oakland\ (inhabited\ place)=>Oakland\ (Calif.)
Ŏdŏngk\ (inhabited\ place)=>Ŏdŏngk\ (Cambodia)
Ohio\ (state)=>Ohio
Okinawa\ (inhabited\ place)=>Okinawa-shi\ (Japan)
Oklahoma\ (state)=>Oklahoma
Oregon\ (state)=>Oregon
Pacific\ Ocean\ (ocean)=>Pacific\ Ocean
Pak\ Ou\ District=>Pak\ Ou\ (Laos\ :\ District)
Pakistan\ (nation)=>Pakistan
Paris=>Paris\ (France)
Parris\ Island\ (island)=>Parris\ Island\ (S.C.)
Pennsylvania\ (state)=>Pennsylvania
Perkasie=>Perkasie\ (Pa.)
Pha\ Theung\,\ Laos=>Pha\ Theung\ (Laos)
Phan\ Rang\ (inhabited\ place)=>Phan\ Rang-Tháp\ Chàm\ (Vietnam)
Phan\ Thiet\ (inhabited\ place)=>Phan\ Thiết\ (Vietnam)
Phù\ Cát\ (inhabited\ place)=>Phù\ Cát\ (Vietnam)
Phú\ Củờng\ (inhabited\ place)=>Phú\ Củờng\ (Vietnam)
Phú\ Hòa\ District=>Phú\ Hòa\ (Vietnam\ :\ District)
Phú\ Lộc\ (inhabited\ place)=>Phú\ Lộc\ (Vietnam)
Phú\ Quốc\,\ Đảo\ (island)=>Phú\ Quốc\ (Vietnam\ :\ Island)
Phú\ Thọ=>Phú\ Thọ\ (Vietnam)
Phú\ Vang\ (inhabited\ place)=>Phú\ Vang\ (Vietnam)
Phù\ Yên\ (inhabited\ place)=>Phù\ Yên\ (Vietnam)
Phúc\ Yên=>Phúc\ Yên\ (Vietnam)
Phumĭ\ Kâmpóng\ Trâbâk\ (inhabited\ place)=>Phumĭ\ Kâmpóng\ Trâbâk\ (Cambodia)
Phủớc\ Long\ (inhabited\ place)=>Phủớc\ Long\ (Vietnam)
Plây\ Cu=>Pleiku\ (Vietnam)
Poland\ (nation)=>Poland
Potomac\ (river)=>Potomac\ River
Prague=>Prague\ (Czech\ Republic)
Prey\ Vêng\ (province)=>Prey\ Vêng\ (Cambodia\ :\ Province)
Quang\ Binh\ Province=>Quảng\ Bình\ (Vietnam)
Quang\ Nam\ Province=>Quảng\ Nam\ (Vietnam\ :\ Province)
Quảng\ Nam-Dà\ Nẵng\,\ Tỉnh=>Quảng\ Nam--Đà\ Nã̆ng\ (Vietnam)
Quảng\ Ninh\,\ Tỉnh\ (province)=>Quảng\ Ninh\ (Vietnam\ :\ Province)
Quang\ Tin=>Quang\ Tin\ (Vietnam)
Quảng\ Trị\ Province=>Quảng\ Trị\ (Vietnam\ :\ Province)
Quang\ Tri\,\ Vietnam=>Quang\ Tri\ (Vietnam)
Quang\ Trung\,\ Vietnam=>Quang\ Trung\ (Vietnam)
Quế\ Sỏn\ (inhabited\ place)=>Quế\ Sơn\ (Vietnam\ :\ District)
Quí\ Châu\ (inhabited\ place)=>Quí\ Châu\ (Vietnam)
Qui\ Nhỏn\ (inhabited\ place)=>Qui\ Nhơn\ (Vietnam)
Rangoon\ (inhabited\ place)=>Rangoon\ (Burma)
Red\ River\ Delta=>Red\ River\ Delta\ (Vietnam)
Rhade\ village\ near\ Buon\ Me\ Thuot\,\ Vietnam=>Rhade\ village\ near\ Buôn\ Mê\ Thuột\ (Vietnam)
Rhine\ (river)=>Rhine\ River
Rochester\ (inhabited\ place)=>Rochester\ (N.Y.)
Romania\ (nation)=>Romania
Rome\ (inhabited\ place)=>Rome\ (Italy)
Russia\ (nation)=>Russia
Sa\,\ Đéc\ (inhabited\ place)=>Sa\ Đéc\ (Vietnam)
Sacramento\ (inhabited\ place)=>Sacramento\ (Calif.)
Safford\ (inhabited\ place)=>Safford\ (Ariz.)
Sái\ Gòn\,\ Sông\ (river)=>Saigon\ River\ (Vietnam)
Saint\ Paul\ (inhabited\ place)=>Saint\ Paul\ (Minn.)
Salt\ Lake\ City\ (inhabited\ place)=>Salt\ Lake\ City\ (Utah)
San\ Clemente=>San\ Clemente\ (Calif.)
San\ Diego=>San\ Diego\ (Calif.)
Santa\ Domingo=>Santo\ Domingo\ (Dominican\ Republic)
Savannah\ (inhabited\ place)=>Savannah\ (Ga.)
Selma=>Selma\ (Ala.)
Seoul\ (inhabited\ place)=>Seoul\ (Korea)
Serbia\ and\ Montenegro\ (nation)=>Serbia\ and\ Montenegro
Seveso\ (inhabited\ place)=>Seveso\ (Italy)
Shanghai\ (inhabited\ place)=>Shanghai\ (China)
Sierra\ Madre\ Mountains\ (mountain\ range)=>Sierra\ Madre\ (Wyo.\ and\ Colo.)
Siskiyou\ Mountains\ (mountains)=>Siskiyou\ Mountains\ (Calif.\ and\ Or.)
Somerset\ (county)=>Somerset\ County\ (Pa.)
Sỏn\ Tây\ (inhabited\ place)=>Sỏn\ Tây\ (Vietnam)
Sông\ Bé\,\ Tỉnh\ (province)=>Sông\ Bé\ (Vietnam\ :\ Province)
South\ Africa\ (nation)=>South\ Africa
South\ Asia\ (general\ region)=>South\ Asia
South\ Carolina\ (state)=>South\ Carolina
South\ Dakota\ (state)=>South\ Dakota
South\ Korea\ (nation)=>South\ Korea
South\ Pacific\ Ocean\ (general\ region)=>South\ Pacific\ Ocean
South\,\ the\ (general\ region)=>Southern\ States
Srepok\ (river)=>Srepok\ (Cambodia\ :\ River)
Stanford\ University\,\ Stanford\,\ CA=>Stanford\ (Calif.)
Stonewall\,\ TX=>Stonewall\ (Tex.)
Subic\ Bay\ (bay)=>Subic\ Bay\ (Philippines)
Svay\ Riĕng\ (province)=>Svay\ Riĕng\ (Cambodia\ :\ Province)
Sweden\ (nation)=>Sweden
Switzerland\ (nation)=>Switzerland
Tan\ Thanh\,\ Long\ An=>Tân\ Thạnh\ (Vietnam)
Tây\ Ninh\,\ Tỉnh\ (province)=>Tây\ Ninh\ (Vietnam\ :\ Province)
Tehran\ (inhabited\ place)=>Tehran\ (Iran)
Thái\ Bình\,\ Tỉnh\ (province)=>Thái\ Bình\ (Vietnam\ :\ Province)
Thái\ Nguyên=>Thái\ Nguyên\ (Vietnam)
Thái\ Nguyên\ (inhabited\ place)=>Thái\ Nguyên\ (Vietnam)
Thanh\ Hóa\,\ Tỉnh\ (province)=>Thanh\ Hóa\ (Vietnam\ :\ Province)
Thuy\ Bo\,\ Vietnam=>Thuy\ Bo\ (Vietnam)
Tiền\ Giang\,\ Tỉnh\ (province)=>Tiền\ Giang\ (Vietnam)
Tien\ Phuoc=>Tiên\ Phước\ (Vietnam)
Times\ Beach\ (inhabited\ place)=>Times\ Beach\ (Mo.)
Tokyo=>Tokyo\ (Japan)
Tokyo\ (inhabited\ place)=>Tokyo\ (Japan)
Tokyo\,\ Japan=>Tokyo\ (Japan)
Tan\ Son\ Nhut\ Air\ Base=>Ton\ Son\ Nhut\ Air\ Base\ (Vietnam)
Ton\ Son\ Nhut\ Airbase\,\ South\ Vietnam=>Ton\ Son\ Nhut\ Air\ Base\ (Vietnam)
Topeka=>Topeka\ (Kan.)
Toulouse\ (inhabited\ place)=>Toulouse\ (France)
Tranch\ Han\ River\ (Vietnam)=>Tranch\ Han\ River\ (Vietnam)
Tranch\ Han\ River\,\ North\ Vietnam;\ Tranch\ Han\ River\,\ Vietnam\ (Democratic\ Republic)=>Tranch\ Han\ River\ (Vietnam)
Trenton=>Trenton\ (N.J.)
Triệu\ Phong=>Triệu\ Phong\ (Vietnam)
Trung\ Gia\,\ North\ Vietnam=>Trung\ Gia\ (Vietnam)
Turkey\ (nation)=>Turkey
Tuskegee\ (Alabama)=>Tuskegee\ (Ala.)
Tuy\ Hòa\ (inhabited\ place)=>Tuy\ Hòa\ (Vietnam)
Tuyên\ Hóa\ (inhabited\ place)=>Tuyên\ Hóa\ (Vietnam)
Tuyên\ Quang\ (inhabited\ place)=>Tuyên\ Quang\ (Vietnam)
United\ States\ (various);\ Williamson\ County\ Illinois=>United\ States
U-Tapao\ Royal\ Thai\ Navy\ Airfield=>U-Tapao\ Royal\ Thai\ Navy\ Airfield\ (Thailand)
Văn\ Lang=>Văn\ Lãng\ (Vietnam\ :\ District)
Vientiane\ (inhabited\ place)=>Viangchan\ (Laos)
Vichy=>Vichy\ (France)
Vienna\ (inhabited\ place)=>Vienna\ (Austria)
Việt\ Bắc=>Việt\ Bắc\ (Vietnam)
Vietnam\ (nation)=>Vietnam
South\ Vietnam;\ Vietnam\ (Republic)=>Vietnam\ (Republic)
Tây\ Bắc=>Vietnam\,\ Northwestern
Nam\ Phần\ (general\ region)=>Vietnam\,\ Southern
Vinh\ (inhabited\ place)=>Vinh
Vĩnh\ Long\ (inhabited\ place)=>Vĩnh\ Long\ (Vietnam\ :\ Province)
Vĩnh\ Phú\,\ Tỉnh\ (province)=>Vĩnh\ Phú\ (Vietnam\ :\ Province)
Virginia\ (state)=>Virginia
Vladivostok=>Vladivostok\ (Russia)
Vũng\ Tàu\ (inhabited\ place)=>Vũng\ Tàu\ (Vietnam)
Waikiki=>Waikiki\ (Honolulu\,\ Hawaii)
Wakefield\ (inhabited\ place)=>Wakefield\ (Mass.)
District\ of\ Columbia\ (national\ district)=>Washington\ (D.C.)
United\ States\ Capitol\ (Washington\,\ D.C.)=>Washington\ (D.C.)
Washington=>Washington\ (D.C.)
Washington\ DC\ (airport)=>Washington\ (D.C.)
Washington\ Monument\,\ Washington\,\ DC=>Washington\ Monument\ (Washington\,\ D.C.)
Watts\ (neighborhood)=>Watts\ (Los\ Angeles\,\ Calif.)
West\ Virginia\ (state)=>West\ Virginia
White\ House=>White\ House\ (Washington\,\ D.C.)
White\ House\,\ Washington\,\ DC=>White\ House\ (Washington\,\ D.C.)
White\ House\,\ Washington\,\ DC;\ Vietnam=>White\ House\ (Washington\,\ D.C.)
Wisconsin\ (state)=>Wisconsin
Xam\ Nua\ (inhabited\ place)=>Xam\ Nua\ (Laos)
Xiangkhoang\ (province)=>Xiangkhoang\ (Laos\ :\ Province)
Xom\ Suoi\,\ Vietnam=>Xom\ Suoi\ (Vietnam)
Xuân\ Lộc\ (inhabited\ place)=>Xuân\ Lộc\ (Vietnam)
Amnok-kang\ (river)=>Yalu\ River\ (China\ and\ Korea)
Yên\ Bái=>Yên\ Bái\ (Vietnam)
Yên\ Bái\ (inhabited\ place)=>Yên\ Bái\ (Vietnam)
Yonkers\ (New\ York)=>Yonkers\ (N.Y.)

Hà\ Nội\ (inhabited\ place) => Hanoi\ (Vietnam)
Ho\ Chi\ Minh\ City\,\ Vietnam => Ho\ Chi\ Minh\ City\ (Vietnam)
China\ (nation) => China
Vietnam\ (Republic) => Vietnam\ (Republic)
Vietnam\ (Republic) => Vietnam
Vietnam\ (Democratic\ Republic) => Vietnam\ (Democratic\ Republic)
Vietnam\ (Democratic\ Republic) => Vietnam
Hue\,\ Vietnam => Hu (Vietnam)
Đà\ Nẵng\ (inhabited place) => Đà\ Nẵng\ (Vietnam)
Boston\,\ MA => Boston\ (Mass.)
Washington\,\ DC => Washington\ (D.C.)

Vietnam\ War\,\ 1961-1975--Personal\ narratives\,\ Vietnamese => Vietnam\ War\,\ 1961-1975--Personal\ narratives\,\ Vietnamese
Vietnam\ War\,\ 1961-1975--Personal\ narratives\,\ Vietnamese => Vietnam\ War\,\ 1961-1975--Personal\ narratives
Vietnam\ War\,\ 1961-1975--Personal\ narratives\,\ American => Vietnam\ War\,\ 1961-1975--Personal\ narratives\,\ American
Vietnam\ War\,\ 1961-1975--Personal\ narratives\,\ American => Vietnam\ War\,\ 1961-1975--Personal\ narratives

Segregation=>Segregation
Segregation\ in\ education--Massachusetts--Boston--History=>Segregation\ in\ education--Massachusetts--Boston--History
School\ integration--Massachusetts--Boston--History=>School\ integration--Massachusetts--Boston--History
Busing\ for\ school\ integration--Massachusetts--Boston--History=>Busing\ for\ school\ integration--Massachusetts--Boston--History
Busing\ for\ school\ integration=>Busing\ for\ school\ integration

Segregation=>Civil\ rights
Segregation\ in\ education--Massachusetts--Boston--History=>Civil\ rights
School\ integration--Massachusetts--Boston--History=>Civil\ rights
Busing\ for\ school\ integration--Massachusetts--Boston--History=>Civil\ rights
Busing\ for\ school\ integration=Civil\ rights

NET\ Playhouse => American\ Playhouse
Ten\ O'Clock\ News => The\ Ten\ O'Clock\ News
New\ Television => New\ Television\ Workshop
